Neighbourhood,Neighbourhood Postal Code,Hotel,Hotel Latitude,Hotel Longitude,Hotel Postal Code Prefix,Hotel Postal Code,Venue,Venue Category,Venue Latitude,Venue Longitude,Venue Postal Code Prefix,Venue Postal Code,General Venue Category,Distance To Hotel,Time To Hotel
Stadsdriehoek/Rotterdam Centrum,3011,H2otel,51.9173925337387,4.487061131594537,3011,3011 WR,Annabel,Music Venue,51.92540257556953,4.475941780747949,3013,3013 AH,Music Venue,1508,1202
Stadsdriehoek/Rotterdam Centrum,3011,H2otel,51.9173925337387,4.487061131594537,3011,3011 WR,Old Dutch,French Restaurant,51.91577576266155,4.4712633464381435,3015,3015EK,French Restaurant,1294,986
Stadsdriehoek/Rotterdam Centrum,3011,H2otel,51.9173925337387,4.487061131594537,3011,3011 WR,Kijk-Kubus Museum,Museum,51.920324337784194,4.490140632039386,3011,3011 MH,Museum,585,462
Stadsdriehoek/Rotterdam Centrum,3011,H2otel,51.9173925337387,4.487061131594537,3011,3011 WR,Hartig,Bistro,51.91648381018933,4.478033367653975,3012,3012 VA,Bistro,822,629
Stadsdriehoek/Rotterdam Centrum,3011,H2otel,51.9173925337387,4.487061131594537,3011,3011 WR,Rodin,French Restaurant,51.916298743121025,4.48117441259471,3011,3011 ES,French Restaurant,566,440
Stadsdriehoek/Rotterdam Centrum,3011,H2otel,51.9173925337387,4.487061131594537,3011,3011 WR,Oude Luxor Theater,Theater,51.923231265710996,4.477055605176264,3012,3012 EH,Theater,1338,1026
Stadsdriehoek/Rotterdam Centrum,3011,H2otel,51.9173925337387,4.487061131594537,3011,3011 WR,Huson,French Restaurant,51.910903789254796,4.478037494768947,3011,3011 BS,French Restaurant,1192,912
Stadsdriehoek/Rotterdam Centrum,3011,H2otel,51.9173925337387,4.487061131594537,3011,3011 WR,The Manhattan Brasserie & Bar,French Restaurant,51.92255556228822,4.471417357124218,3012,3012 CN,French Restaurant,1706,1316
Stadsdriehoek/Rotterdam Centrum,3011,H2otel,51.9173925337387,4.487061131594537,3011,3011 WR,Pierre,French Restaurant,51.923736502327,4.487523268189586,3011,3011LH,French Restaurant,984,743
Stadsdriehoek/Rotterdam Centrum,3011,H2otel,51.9173925337387,4.487061131594537,3011,3011 WR,Natuurhistorisch Museum Rotterdam,Museum,51.91079,4.47255,3015,3015 AA,Museum,1555,1171
Stadsdriehoek/Rotterdam Centrum,3011,H2otel,51.9173925337387,4.487061131594537,3011,3011 WR,Rotterdamse Schouwburg,Theater,51.9205330131339,4.474169612057505,3012,3012 CL,Theater,1330,1022
Stadsdriehoek/Rotterdam Centrum,3011,H2otel,51.9173925337387,4.487061131594537,3011,3011 WR,Het Nieuwe Instituut,Museum,51.91461204938058,4.470966544496404,3015,3015 CB,Museum,1295,969
Stadsdriehoek/Rotterdam Centrum,3011,ibis Rotterdam City Centre,51.91734678762638,4.488300942895886,3011,3011 WP,Annabel,Music Venue,51.92540257556953,4.475941780747949,3013,3013 AH,Music Venue,1591,1206
Stadsdriehoek/Rotterdam Centrum,3011,ibis Rotterdam City Centre,51.91734678762638,4.488300942895886,3011,3011 WP,Old Dutch,French Restaurant,51.91577576266155,4.4712633464381435,3015,3015EK,French Restaurant,1361,1055
Stadsdriehoek/Rotterdam Centrum,3011,ibis Rotterdam City Centre,51.91734678762638,4.488300942895886,3011,3011 WP,Kijk-Kubus Museum,Museum,51.920324337784194,4.490140632039386,3011,3011 MH,Museum,541,430
Stadsdriehoek/Rotterdam Centrum,3011,ibis Rotterdam City Centre,51.91734678762638,4.488300942895886,3011,3011 WP,Hartig,Bistro,51.91648381018933,4.478033367653975,3012,3012 VA,Bistro,901,686
Stadsdriehoek/Rotterdam Centrum,3011,ibis Rotterdam City Centre,51.91734678762638,4.488300942895886,3011,3011 WP,Rodin,French Restaurant,51.916298743121025,4.48117441259471,3011,3011 ES,French Restaurant,645,497
Stadsdriehoek/Rotterdam Centrum,3011,ibis Rotterdam City Centre,51.91734678762638,4.488300942895886,3011,3011 WP,Oude Luxor Theater,Theater,51.923231265710996,4.477055605176264,3012,3012 EH,Theater,1403,1094
Stadsdriehoek/Rotterdam Centrum,3011,ibis Rotterdam City Centre,51.91734678762638,4.488300942895886,3011,3011 WP,Huson,French Restaurant,51.910903789254796,4.478037494768947,3011,3011 BS,French Restaurant,1212,926
Stadsdriehoek/Rotterdam Centrum,3011,ibis Rotterdam City Centre,51.91734678762638,4.488300942895886,3011,3011 WP,The Manhattan Brasserie & Bar,French Restaurant,51.92255556228822,4.471417357124218,3012,3012 CN,French Restaurant,1773,1385
Stadsdriehoek/Rotterdam Centrum,3011,ibis Rotterdam City Centre,51.91734678762638,4.488300942895886,3011,3011 WP,Pierre,French Restaurant,51.923736502327,4.487523268189586,3011,3011LH,French Restaurant,940,711
Stadsdriehoek/Rotterdam Centrum,3011,ibis Rotterdam City Centre,51.91734678762638,4.488300942895886,3011,3011 WP,Natuurhistorisch Museum Rotterdam,Museum,51.91079,4.47255,3015,3015 AA,Museum,1575,1185
Stadsdriehoek/Rotterdam Centrum,3011,ibis Rotterdam City Centre,51.91734678762638,4.488300942895886,3011,3011 WP,Rotterdamse Schouwburg,Theater,51.9205330131339,4.474169612057505,3012,3012 CL,Theater,1397,1092
Stadsdriehoek/Rotterdam Centrum,3011,ibis Rotterdam City Centre,51.91734678762638,4.488300942895886,3011,3011 WP,Het Nieuwe Instituut,Museum,51.91461204938058,4.470966544496404,3015,3015 CB,Museum,1373,1026
Stadsdriehoek/Rotterdam Centrum,3011,citizenM,51.91925901197693,4.490480849856352,3011,3011 WZ,Annabel,Music Venue,51.92540257556953,4.475941780747949,3013,3013 AH,Music Venue,1598,1192
Stadsdriehoek/Rotterdam Centrum,3011,citizenM,51.91925901197693,4.490480849856352,3011,3011 WZ,Old Dutch,French Restaurant,51.91577576266155,4.4712633464381435,3015,3015EK,French Restaurant,1439,1121
Stadsdriehoek/Rotterdam Centrum,3011,citizenM,51.91925901197693,4.490480849856352,3011,3011 WZ,Kijk-Kubus Museum,Museum,51.920324337784194,4.490140632039386,3011,3011 MH,Museum,191,148
Stadsdriehoek/Rotterdam Centrum,3011,citizenM,51.91925901197693,4.490480849856352,3011,3011 WZ,Hartig,Bistro,51.91648381018933,4.478033367653975,3012,3012 VA,Bistro,1038,826
Stadsdriehoek/Rotterdam Centrum,3011,citizenM,51.91925901197693,4.490480849856352,3011,3011 WZ,Rodin,French Restaurant,51.916298743121025,4.48117441259471,3011,3011 ES,French Restaurant,930,743
Stadsdriehoek/Rotterdam Centrum,3011,citizenM,51.91925901197693,4.490480849856352,3011,3011 WZ,Oude Luxor Theater,Theater,51.923231265710996,4.477055605176264,3012,3012 EH,Theater,1481,1160
Stadsdriehoek/Rotterdam Centrum,3011,citizenM,51.91925901197693,4.490480849856352,3011,3011 WZ,Huson,French Restaurant,51.910903789254796,4.478037494768947,3011,3011 BS,French Restaurant,1587,1210
Stadsdriehoek/Rotterdam Centrum,3011,citizenM,51.91925901197693,4.490480849856352,3011,3011 WZ,The Manhattan Brasserie & Bar,French Restaurant,51.92255556228822,4.471417357124218,3012,3012 CN,French Restaurant,1852,1451
Stadsdriehoek/Rotterdam Centrum,3011,citizenM,51.91925901197693,4.490480849856352,3011,3011 WZ,Pierre,French Restaurant,51.923736502327,4.487523268189586,3011,3011LH,French Restaurant,735,563
Stadsdriehoek/Rotterdam Centrum,3011,citizenM,51.91925901197693,4.490480849856352,3011,3011 WZ,Natuurhistorisch Museum Rotterdam,Museum,51.91079,4.47255,3015,3015 AA,Museum,1949,1464
Stadsdriehoek/Rotterdam Centrum,3011,citizenM,51.91925901197693,4.490480849856352,3011,3011 WZ,Rotterdamse Schouwburg,Theater,51.9205330131339,4.474169612057505,3012,3012 CL,Theater,1475,1157
Stadsdriehoek/Rotterdam Centrum,3011,citizenM,51.91925901197693,4.490480849856352,3011,3011 WZ,Het Nieuwe Instituut,Museum,51.91461204938058,4.470966544496404,3015,3015 CB,Museum,1600,1231
Stadsdriehoek/Rotterdam Centrum,3011,Mainport Hotel,51.913362,4.482475,3011,3011 EA,Annabel,Music Venue,51.92540257556953,4.475941780747949,3013,3013 AH,Music Venue,1781,1341
Stadsdriehoek/Rotterdam Centrum,3011,Mainport Hotel,51.913362,4.482475,3011,3011 EA,Old Dutch,French Restaurant,51.91577576266155,4.4712633464381435,3015,3015EK,French Restaurant,1271,965
Stadsdriehoek/Rotterdam Centrum,3011,Mainport Hotel,51.913362,4.482475,3011,3011 EA,Kijk-Kubus Museum,Museum,51.920324337784194,4.490140632039386,3011,3011 MH,Museum,1212,943
Stadsdriehoek/Rotterdam Centrum,3011,Mainport Hotel,51.913362,4.482475,3011,3011 EA,Hartig,Bistro,51.91648381018933,4.478033367653975,3012,3012 VA,Bistro,784,594
Stadsdriehoek/Rotterdam Centrum,3011,Mainport Hotel,51.913362,4.482475,3011,3011 EA,Rodin,French Restaurant,51.916298743121025,4.48117441259471,3011,3011 ES,French Restaurant,528,404
Stadsdriehoek/Rotterdam Centrum,3011,Mainport Hotel,51.913362,4.482475,3011,3011 EA,Oude Luxor Theater,Theater,51.923231265710996,4.477055605176264,3012,3012 EH,Theater,1426,1075
Stadsdriehoek/Rotterdam Centrum,3011,Mainport Hotel,51.913362,4.482475,3011,3011 EA,Huson,French Restaurant,51.910903789254796,4.478037494768947,3011,3011 BS,French Restaurant,538,449
Stadsdriehoek/Rotterdam Centrum,3011,Mainport Hotel,51.913362,4.482475,3011,3011 EA,The Manhattan Brasserie & Bar,French Restaurant,51.92255556228822,4.471417357124218,3012,3012 CN,French Restaurant,1797,1404
Stadsdriehoek/Rotterdam Centrum,3011,Mainport Hotel,51.913362,4.482475,3011,3011 EA,Pierre,French Restaurant,51.923736502327,4.487523268189586,3011,3011LH,French Restaurant,1558,1209
Stadsdriehoek/Rotterdam Centrum,3011,Mainport Hotel,51.913362,4.482475,3011,3011 EA,Natuurhistorisch Museum Rotterdam,Museum,51.91079,4.47255,3015,3015 AA,Museum,907,702
Stadsdriehoek/Rotterdam Centrum,3011,Mainport Hotel,51.913362,4.482475,3011,3011 EA,Rotterdamse Schouwburg,Theater,51.9205330131339,4.474169612057505,3012,3012 CL,Theater,1420,1062
Stadsdriehoek/Rotterdam Centrum,3011,Mainport Hotel,51.913362,4.482475,3011,3011 EA,Het Nieuwe Instituut,Museum,51.91461204938058,4.470966544496404,3015,3015 CB,Museum,1185,889
Stadsdriehoek/Rotterdam Centrum,3011,Inntel Hotels Rotterdam Centre,51.912675096990135,4.482800355680386,3011,3011 EA,Annabel,Music Venue,51.92540257556953,4.475941780747949,3013,3013 AH,Music Venue,1859,1398
Stadsdriehoek/Rotterdam Centrum,3011,Inntel Hotels Rotterdam Centre,51.912675096990135,4.482800355680386,3011,3011 EA,Old Dutch,French Restaurant,51.91577576266155,4.4712633464381435,3015,3015EK,French Restaurant,1193,908
Stadsdriehoek/Rotterdam Centrum,3011,Inntel Hotels Rotterdam Centre,51.912675096990135,4.482800355680386,3011,3011 EA,Kijk-Kubus Museum,Museum,51.920324337784194,4.490140632039386,3011,3011 MH,Museum,1314,999
Stadsdriehoek/Rotterdam Centrum,3011,Inntel Hotels Rotterdam Centre,51.912675096990135,4.482800355680386,3011,3011 EA,Hartig,Bistro,51.91648381018933,4.478033367653975,3012,3012 VA,Bistro,789,614
Stadsdriehoek/Rotterdam Centrum,3011,Inntel Hotels Rotterdam Centre,51.912675096990135,4.482800355680386,3011,3011 EA,Rodin,French Restaurant,51.916298743121025,4.48117441259471,3011,3011 ES,French Restaurant,606,461
Stadsdriehoek/Rotterdam Centrum,3011,Inntel Hotels Rotterdam Centre,51.912675096990135,4.482800355680386,3011,3011 EA,Oude Luxor Theater,Theater,51.923231265710996,4.477055605176264,3012,3012 EH,Theater,1504,1131
Stadsdriehoek/Rotterdam Centrum,3011,Inntel Hotels Rotterdam Centre,51.912675096990135,4.482800355680386,3011,3011 EA,Huson,French Restaurant,51.910903789254796,4.478037494768947,3011,3011 BS,French Restaurant,459,393
Stadsdriehoek/Rotterdam Centrum,3011,Inntel Hotels Rotterdam Centre,51.912675096990135,4.482800355680386,3011,3011 EA,The Manhattan Brasserie & Bar,French Restaurant,51.92255556228822,4.471417357124218,3012,3012 CN,French Restaurant,1719,1347
Stadsdriehoek/Rotterdam Centrum,3011,Inntel Hotels Rotterdam Centre,51.912675096990135,4.482800355680386,3011,3011 EA,Pierre,French Restaurant,51.923736502327,4.487523268189586,3011,3011LH,French Restaurant,1637,1266
Stadsdriehoek/Rotterdam Centrum,3011,Inntel Hotels Rotterdam Centre,51.912675096990135,4.482800355680386,3011,3011 EA,Natuurhistorisch Museum Rotterdam,Museum,51.91079,4.47255,3015,3015 AA,Museum,829,646
Stadsdriehoek/Rotterdam Centrum,3011,Inntel Hotels Rotterdam Centre,51.912675096990135,4.482800355680386,3011,3011 EA,Rotterdamse Schouwburg,Theater,51.9205330131339,4.474169612057505,3012,3012 CL,Theater,1368,1056
Stadsdriehoek/Rotterdam Centrum,3011,Inntel Hotels Rotterdam Centre,51.912675096990135,4.482800355680386,3011,3011 EA,Het Nieuwe Instituut,Museum,51.91461204938058,4.470966544496404,3015,3015 CB,Museum,1107,832
Stadsdriehoek/Rotterdam Centrum,3011,Hampshire Hotel - Savoy Rotterdam,51.922328594807134,4.491913117391668,3011,3011 PJ,Annabel,Music Venue,51.92540257556953,4.475941780747949,3013,3013 AH,Music Venue,1451,1110
Stadsdriehoek/Rotterdam Centrum,3011,Hampshire Hotel - Savoy Rotterdam,51.922328594807134,4.491913117391668,3011,3011 PJ,Old Dutch,French Restaurant,51.91577576266155,4.4712633464381435,3015,3015EK,French Restaurant,1797,1339
Stadsdriehoek/Rotterdam Centrum,3011,Hampshire Hotel - Savoy Rotterdam,51.922328594807134,4.491913117391668,3011,3011 PJ,Kijk-Kubus Museum,Museum,51.920324337784194,4.490140632039386,3011,3011 MH,Museum,463,364
Stadsdriehoek/Rotterdam Centrum,3011,Hampshire Hotel - Savoy Rotterdam,51.922328594807134,4.491913117391668,3011,3011 PJ,Hartig,Bistro,51.91648381018933,4.478033367653975,3012,3012 VA,Bistro,1441,1099
Stadsdriehoek/Rotterdam Centrum,3011,Hampshire Hotel - Savoy Rotterdam,51.922328594807134,4.491913117391668,3011,3011 PJ,Rodin,French Restaurant,51.916298743121025,4.48117441259471,3011,3011 ES,French Restaurant,1300,1003
Stadsdriehoek/Rotterdam Centrum,3011,Hampshire Hotel - Savoy Rotterdam,51.922328594807134,4.491913117391668,3011,3011 PJ,Oude Luxor Theater,Theater,51.923231265710996,4.477055605176264,3012,3012 EH,Theater,1409,1076
Stadsdriehoek/Rotterdam Centrum,3011,Hampshire Hotel - Savoy Rotterdam,51.922328594807134,4.491913117391668,3011,3011 PJ,Huson,French Restaurant,51.910903789254796,4.478037494768947,3011,3011 BS,French Restaurant,2018,1561
Stadsdriehoek/Rotterdam Centrum,3011,Hampshire Hotel - Savoy Rotterdam,51.922328594807134,4.491913117391668,3011,3011 PJ,The Manhattan Brasserie & Bar,French Restaurant,51.92255556228822,4.471417357124218,3012,3012 CN,French Restaurant,1784,1368
Stadsdriehoek/Rotterdam Centrum,3011,Hampshire Hotel - Savoy Rotterdam,51.922328594807134,4.491913117391668,3011,3011 PJ,Pierre,French Restaurant,51.923736502327,4.487523268189586,3011,3011LH,French Restaurant,484,366
Stadsdriehoek/Rotterdam Centrum,3011,Hampshire Hotel - Savoy Rotterdam,51.922328594807134,4.491913117391668,3011,3011 PJ,Natuurhistorisch Museum Rotterdam,Museum,51.91079,4.47255,3015,3015 AA,Museum,2337,1783
Stadsdriehoek/Rotterdam Centrum,3011,Hampshire Hotel - Savoy Rotterdam,51.922328594807134,4.491913117391668,3011,3011 PJ,Rotterdamse Schouwburg,Theater,51.9205330131339,4.474169612057505,3012,3012 CL,Theater,1424,1061
Stadsdriehoek/Rotterdam Centrum,3011,Hampshire Hotel - Savoy Rotterdam,51.922328594807134,4.491913117391668,3011,3011 PJ,Het Nieuwe Instituut,Museum,51.91461204938058,4.470966544496404,3015,3015 CB,Museum,1990,1488
Cool/Rotterdam Centrum,3012,The James,51.92107428957907,4.477825682849285,3012,3012 CA,Rotterdamse Schouwburg,Theater,51.9205330131339,4.474169612057505,3012,3012 CL,Theater,309,231
Cool/Rotterdam Centrum,3012,The James,51.92107428957907,4.477825682849285,3012,3012 CA,Hartig,Bistro,51.91648381018933,4.478033367653975,3012,3012 VA,Bistro,673,511
Cool/Rotterdam Centrum,3012,The James,51.92107428957907,4.477825682849285,3012,3012 CA,Old Dutch,French Restaurant,51.91577576266155,4.4712633464381435,3015,3015EK,French Restaurant,990,724
Cool/Rotterdam Centrum,3012,The James,51.92107428957907,4.477825682849285,3012,3012 CA,Oude Luxor Theater,Theater,51.923231265710996,4.477055605176264,3012,3012 EH,Theater,384,290
Cool/Rotterdam Centrum,3012,The James,51.92107428957907,4.477825682849285,3012,3012 CA,Annabel,Music Venue,51.92540257556953,4.475941780747949,3013,3013 AH,Music Venue,812,604
Cool/Rotterdam Centrum,3012,The James,51.92107428957907,4.477825682849285,3012,3012 CA,KINO,Movie Theater,51.91717560621591,4.469214206279973,3014,3014 PM,Movie Theater,1068,777
Cool/Rotterdam Centrum,3012,The James,51.92107428957907,4.477825682849285,3012,3012 CA,Rodin,French Restaurant,51.916298743121025,4.48117441259471,3011,3011 ES,French Restaurant,721,558
Cool/Rotterdam Centrum,3012,The James,51.92107428957907,4.477825682849285,3012,3012 CA,Kijk-Kubus Museum,Museum,51.920324337784194,4.490140632039386,3011,3011 MH,Museum,1061,800
Cool/Rotterdam Centrum,3012,The James,51.92107428957907,4.477825682849285,3012,3012 CA,The Manhattan Brasserie & Bar,French Restaurant,51.92255556228822,4.471417357124218,3012,3012 CN,French Restaurant,682,521
Cool/Rotterdam Centrum,3012,The James,51.92107428957907,4.477825682849285,3012,3012 CA,Pierre,French Restaurant,51.923736502327,4.487523268189586,3011,3011LH,French Restaurant,774,597
Cool/Rotterdam Centrum,3012,The James,51.92107428957907,4.477825682849285,3012,3012 CA,Natuurhistorisch Museum Rotterdam,Museum,51.91079,4.47255,3015,3015 AA,Museum,1565,1162
Cool/Rotterdam Centrum,3012,The James,51.92107428957907,4.477825682849285,3012,3012 CA,Miniworld Rotterdam,Museum,51.922658046060604,4.4647965835253425,3013,3013 AL,Museum,1165,875
Cool/Rotterdam Centrum,3012,The James,51.92107428957907,4.477825682849285,3012,3012 CA,Le Nord,French Restaurant,51.927148849105734,4.4726759715782665,3033,3033 CA,French Restaurant,1053,782
Cool/Rotterdam Centrum,3012,The James,51.92107428957907,4.477825682849285,3012,3012 CA,Het Nieuwe Instituut,Museum,51.91461204938058,4.470966544496404,3015,3015 CB,Museum,1184,872
Cool/Rotterdam Centrum,3012,Grand Hotel Central,51.92305111571185,4.476566478788637,3012,3012 EH,Rotterdamse Schouwburg,Theater,51.9205330131339,4.474169612057505,3012,3012 CL,Theater,457,330
Cool/Rotterdam Centrum,3012,Grand Hotel Central,51.92305111571185,4.476566478788637,3012,3012 EH,Hartig,Bistro,51.91648381018933,4.478033367653975,3012,3012 VA,Bistro,878,656
Cool/Rotterdam Centrum,3012,Grand Hotel Central,51.92305111571185,4.476566478788637,3012,3012 EH,Old Dutch,French Restaurant,51.91577576266155,4.4712633464381435,3015,3015EK,French Restaurant,1171,849
Cool/Rotterdam Centrum,3012,Grand Hotel Central,51.92305111571185,4.476566478788637,3012,3012 EH,Oude Luxor Theater,Theater,51.923231265710996,4.477055605176264,3012,3012 EH,Theater,38,29
Cool/Rotterdam Centrum,3012,Grand Hotel Central,51.92305111571185,4.476566478788637,3012,3012 EH,Annabel,Music Venue,51.92540257556953,4.475941780747949,3013,3013 AH,Music Venue,552,417
Cool/Rotterdam Centrum,3012,Grand Hotel Central,51.92305111571185,4.476566478788637,3012,3012 EH,KINO,Movie Theater,51.91717560621591,4.469214206279973,3014,3014 PM,Movie Theater,1006,727
Cool/Rotterdam Centrum,3012,Grand Hotel Central,51.92305111571185,4.476566478788637,3012,3012 EH,Rodin,French Restaurant,51.916298743121025,4.48117441259471,3011,3011 ES,French Restaurant,1010,771
Cool/Rotterdam Centrum,3012,Grand Hotel Central,51.92305111571185,4.476566478788637,3012,3012 EH,Kijk-Kubus Museum,Museum,51.920324337784194,4.490140632039386,3011,3011 MH,Museum,1349,1006
Cool/Rotterdam Centrum,3012,Grand Hotel Central,51.92305111571185,4.476566478788637,3012,3012 EH,The Manhattan Brasserie & Bar,French Restaurant,51.92255556228822,4.471417357124218,3012,3012 CN,French Restaurant,478,361
Cool/Rotterdam Centrum,3012,Grand Hotel Central,51.92305111571185,4.476566478788637,3012,3012 EH,Pierre,French Restaurant,51.923736502327,4.487523268189586,3011,3011LH,French Restaurant,1044,784
Cool/Rotterdam Centrum,3012,Grand Hotel Central,51.92305111571185,4.476566478788637,3012,3012 EH,Natuurhistorisch Museum Rotterdam,Museum,51.91079,4.47255,3015,3015 AA,Museum,1746,1294
Cool/Rotterdam Centrum,3012,Grand Hotel Central,51.92305111571185,4.476566478788637,3012,3012 EH,Miniworld Rotterdam,Museum,51.922658046060604,4.4647965835253425,3013,3013 AL,Museum,959,709
Cool/Rotterdam Centrum,3012,Grand Hotel Central,51.92305111571185,4.476566478788637,3012,3012 EH,Le Nord,French Restaurant,51.927148849105734,4.4726759715782665,3033,3033 CA,French Restaurant,793,595
Cool/Rotterdam Centrum,3012,Grand Hotel Central,51.92305111571185,4.476566478788637,3012,3012 EH,Het Nieuwe Instituut,Museum,51.91461204938058,4.470966544496404,3015,3015 CB,Museum,1364,1004
Cool/Rotterdam Centrum,3012,Hotel NH Atlanta Rotterdam,51.92120700894419,4.478558387971228,3012,3012 CA,Rotterdamse Schouwburg,Theater,51.9205330131339,4.474169612057505,3012,3012 CL,Theater,361,279
Cool/Rotterdam Centrum,3012,Hotel NH Atlanta Rotterdam,51.92120700894419,4.478558387971228,3012,3012 CA,Hartig,Bistro,51.91648381018933,4.478033367653975,3012,3012 VA,Bistro,725,559
Cool/Rotterdam Centrum,3012,Hotel NH Atlanta Rotterdam,51.92120700894419,4.478558387971228,3012,3012 CA,Old Dutch,French Restaurant,51.91577576266155,4.4712633464381435,3015,3015EK,French Restaurant,1043,772
Cool/Rotterdam Centrum,3012,Hotel NH Atlanta Rotterdam,51.92120700894419,4.478558387971228,3012,3012 CA,Oude Luxor Theater,Theater,51.923231265710996,4.477055605176264,3012,3012 EH,Theater,405,286
Cool/Rotterdam Centrum,3012,Hotel NH Atlanta Rotterdam,51.92120700894419,4.478558387971228,3012,3012 CA,Annabel,Music Venue,51.92540257556953,4.475941780747949,3013,3013 AH,Music Venue,760,552
Cool/Rotterdam Centrum,3012,Hotel NH Atlanta Rotterdam,51.92120700894419,4.478558387971228,3012,3012 CA,KINO,Movie Theater,51.91717560621591,4.469214206279973,3014,3014 PM,Movie Theater,1120,825
Cool/Rotterdam Centrum,3012,Hotel NH Atlanta Rotterdam,51.92120700894419,4.478558387971228,3012,3012 CA,Rodin,French Restaurant,51.916298743121025,4.48117441259471,3011,3011 ES,French Restaurant,669,506
Cool/Rotterdam Centrum,3012,Hotel NH Atlanta Rotterdam,51.92120700894419,4.478558387971228,3012,3012 CA,Kijk-Kubus Museum,Museum,51.920324337784194,4.490140632039386,3011,3011 MH,Museum,1008,748
Cool/Rotterdam Centrum,3012,Hotel NH Atlanta Rotterdam,51.92120700894419,4.478558387971228,3012,3012 CA,The Manhattan Brasserie & Bar,French Restaurant,51.92255556228822,4.471417357124218,3012,3012 CN,French Restaurant,734,569
Cool/Rotterdam Centrum,3012,Hotel NH Atlanta Rotterdam,51.92120700894419,4.478558387971228,3012,3012 CA,Pierre,French Restaurant,51.923736502327,4.487523268189586,3011,3011LH,French Restaurant,722,545
Cool/Rotterdam Centrum,3012,Hotel NH Atlanta Rotterdam,51.92120700894419,4.478558387971228,3012,3012 CA,Natuurhistorisch Museum Rotterdam,Museum,51.91079,4.47255,3015,3015 AA,Museum,1617,1210
Cool/Rotterdam Centrum,3012,Hotel NH Atlanta Rotterdam,51.92120700894419,4.478558387971228,3012,3012 CA,Miniworld Rotterdam,Museum,51.922658046060604,4.4647965835253425,3013,3013 AL,Museum,1217,923
Cool/Rotterdam Centrum,3012,Hotel NH Atlanta Rotterdam,51.92120700894419,4.478558387971228,3012,3012 CA,Le Nord,French Restaurant,51.927148849105734,4.4726759715782665,3033,3033 CA,French Restaurant,1001,730
Cool/Rotterdam Centrum,3012,Hotel NH Atlanta Rotterdam,51.92120700894419,4.478558387971228,3012,3012 CA,Het Nieuwe Instituut,Museum,51.91461204938058,4.470966544496404,3015,3015 CB,Museum,1236,920
Cool/Rotterdam Centrum,3012,Rotterdam Marriott Hotel,51.92241389415069,4.471624195521144,3012,3012 CN,Rotterdamse Schouwburg,Theater,51.9205330131339,4.474169612057505,3012,3012 CL,Theater,354,239
Cool/Rotterdam Centrum,3012,Rotterdam Marriott Hotel,51.92241389415069,4.471624195521144,3012,3012 CN,Hartig,Bistro,51.91648381018933,4.478033367653975,3012,3012 VA,Bistro,893,674
Cool/Rotterdam Centrum,3012,Rotterdam Marriott Hotel,51.92241389415069,4.471624195521144,3012,3012 CN,Old Dutch,French Restaurant,51.91577576266155,4.4712633464381435,3015,3015EK,French Restaurant,868,614
Cool/Rotterdam Centrum,3012,Rotterdam Marriott Hotel,51.92241389415069,4.471624195521144,3012,3012 CN,Oude Luxor Theater,Theater,51.923231265710996,4.477055605176264,3012,3012 EH,Theater,456,333
Cool/Rotterdam Centrum,3012,Rotterdam Marriott Hotel,51.92241389415069,4.471624195521144,3012,3012 CN,Annabel,Music Venue,51.92540257556953,4.475941780747949,3013,3013 AH,Music Venue,616,482
Cool/Rotterdam Centrum,3012,Rotterdam Marriott Hotel,51.92241389415069,4.471624195521144,3012,3012 CN,KINO,Movie Theater,51.91717560621591,4.469214206279973,3014,3014 PM,Movie Theater,703,492
Cool/Rotterdam Centrum,3012,Rotterdam Marriott Hotel,51.92241389415069,4.471624195521144,3012,3012 CN,Rodin,French Restaurant,51.916298743121025,4.48117441259471,3011,3011 ES,French Restaurant,1150,865
Cool/Rotterdam Centrum,3012,Rotterdam Marriott Hotel,51.92241389415069,4.471624195521144,3012,3012 CN,Kijk-Kubus Museum,Museum,51.920324337784194,4.490140632039386,3011,3011 MH,Museum,1668,1235
Cool/Rotterdam Centrum,3012,Rotterdam Marriott Hotel,51.92241389415069,4.471624195521144,3012,3012 CN,The Manhattan Brasserie & Bar,French Restaurant,51.92255556228822,4.471417357124218,3012,3012 CN,French Restaurant,19,13
Cool/Rotterdam Centrum,3012,Rotterdam Marriott Hotel,51.92241389415069,4.471624195521144,3012,3012 CN,Pierre,French Restaurant,51.923736502327,4.487523268189586,3011,3011LH,French Restaurant,1383,1034
Cool/Rotterdam Centrum,3012,Rotterdam Marriott Hotel,51.92241389415069,4.471624195521144,3012,3012 CN,Natuurhistorisch Museum Rotterdam,Museum,51.91079,4.47255,3015,3015 AA,Museum,1443,1059
Cool/Rotterdam Centrum,3012,Rotterdam Marriott Hotel,51.92241389415069,4.471624195521144,3012,3012 CN,Miniworld Rotterdam,Museum,51.922658046060604,4.4647965835253425,3013,3013 AL,Museum,541,386
Cool/Rotterdam Centrum,3012,Rotterdam Marriott Hotel,51.92241389415069,4.471624195521144,3012,3012 CN,Le Nord,French Restaurant,51.927148849105734,4.4726759715782665,3033,3033 CA,French Restaurant,860,654
Cool/Rotterdam Centrum,3012,Rotterdam Marriott Hotel,51.92241389415069,4.471624195521144,3012,3012 CN,Het Nieuwe Instituut,Museum,51.91461204938058,4.470966544496404,3015,3015 CB,Museum,1061,769
Cool/Rotterdam Centrum,3012,Hilton Rotterdam,51.92348087523358,4.477438266531781,3012,3012 CM,Rotterdamse Schouwburg,Theater,51.9205330131339,4.474169612057505,3012,3012 CL,Theater,534,385
Cool/Rotterdam Centrum,3012,Hilton Rotterdam,51.92348087523358,4.477438266531781,3012,3012 CM,Hartig,Bistro,51.91648381018933,4.478033367653975,3012,3012 VA,Bistro,954,711
Cool/Rotterdam Centrum,3012,Hilton Rotterdam,51.92348087523358,4.477438266531781,3012,3012 CM,Old Dutch,French Restaurant,51.91577576266155,4.4712633464381435,3015,3015EK,French Restaurant,1248,904
Cool/Rotterdam Centrum,3012,Hilton Rotterdam,51.92348087523358,4.477438266531781,3012,3012 CM,Oude Luxor Theater,Theater,51.923231265710996,4.477055605176264,3012,3012 EH,Theater,38,29
Cool/Rotterdam Centrum,3012,Hilton Rotterdam,51.92348087523358,4.477438266531781,3012,3012 CM,Annabel,Music Venue,51.92540257556953,4.475941780747949,3013,3013 AH,Music Venue,476,359
Cool/Rotterdam Centrum,3012,Hilton Rotterdam,51.92348087523358,4.477438266531781,3012,3012 CM,KINO,Movie Theater,51.91717560621591,4.469214206279973,3014,3014 PM,Movie Theater,1082,782
Cool/Rotterdam Centrum,3012,Hilton Rotterdam,51.92348087523358,4.477438266531781,3012,3012 CM,Rodin,French Restaurant,51.916298743121025,4.48117441259471,3011,3011 ES,French Restaurant,933,713
Cool/Rotterdam Centrum,3012,Hilton Rotterdam,51.92348087523358,4.477438266531781,3012,3012 CM,Kijk-Kubus Museum,Museum,51.920324337784194,4.490140632039386,3011,3011 MH,Museum,1273,949
Cool/Rotterdam Centrum,3012,Hilton Rotterdam,51.92348087523358,4.477438266531781,3012,3012 CM,The Manhattan Brasserie & Bar,French Restaurant,51.92255556228822,4.471417357124218,3012,3012 CN,French Restaurant,554,416
Cool/Rotterdam Centrum,3012,Hilton Rotterdam,51.92348087523358,4.477438266531781,3012,3012 CM,Pierre,French Restaurant,51.923736502327,4.487523268189586,3011,3011LH,French Restaurant,967,727
Cool/Rotterdam Centrum,3012,Hilton Rotterdam,51.92348087523358,4.477438266531781,3012,3012 CM,Natuurhistorisch Museum Rotterdam,Museum,51.91079,4.47255,3015,3015 AA,Museum,1822,1349
Cool/Rotterdam Centrum,3012,Hilton Rotterdam,51.92348087523358,4.477438266531781,3012,3012 CM,Miniworld Rotterdam,Museum,51.922658046060604,4.4647965835253425,3013,3013 AL,Museum,1035,764
Cool/Rotterdam Centrum,3012,Hilton Rotterdam,51.92348087523358,4.477438266531781,3012,3012 CM,Le Nord,French Restaurant,51.927148849105734,4.4726759715782665,3033,3033 CA,French Restaurant,717,537
Cool/Rotterdam Centrum,3012,Hilton Rotterdam,51.92348087523358,4.477438266531781,3012,3012 CM,Het Nieuwe Instituut,Museum,51.91461204938058,4.470966544496404,3015,3015 CB,Museum,1441,1058
Cool/Rotterdam Centrum,3012,Hotel-Restaurant Bazar,51.915845,4.478786,3012,3012 BP,Rotterdamse Schouwburg,Theater,51.9205330131339,4.474169612057505,3012,3012 CL,Theater,664,508
Cool/Rotterdam Centrum,3012,Hotel-Restaurant Bazar,51.915845,4.478786,3012,3012 BP,Hartig,Bistro,51.91648381018933,4.478033367653975,3012,3012 VA,Bistro,86,67
Cool/Rotterdam Centrum,3012,Hotel-Restaurant Bazar,51.915845,4.478786,3012,3012 BP,Old Dutch,French Restaurant,51.91577576266155,4.4712633464381435,3015,3015EK,French Restaurant,628,466
Cool/Rotterdam Centrum,3012,Hotel-Restaurant Bazar,51.915845,4.478786,3012,3012 BP,Oude Luxor Theater,Theater,51.923231265710996,4.477055605176264,3012,3012 EH,Theater,1037,792
Cool/Rotterdam Centrum,3012,Hotel-Restaurant Bazar,51.915845,4.478786,3012,3012 BP,Annabel,Music Venue,51.92540257556953,4.475941780747949,3013,3013 AH,Music Venue,1315,1043
Cool/Rotterdam Centrum,3012,Hotel-Restaurant Bazar,51.915845,4.478786,3012,3012 BP,KINO,Movie Theater,51.91717560621591,4.469214206279973,3014,3014 PM,Movie Theater,881,663
Cool/Rotterdam Centrum,3012,Hotel-Restaurant Bazar,51.915845,4.478786,3012,3012 BP,Rodin,French Restaurant,51.916298743121025,4.48117441259471,3011,3011 ES,French Restaurant,211,160
Cool/Rotterdam Centrum,3012,Hotel-Restaurant Bazar,51.915845,4.478786,3012,3012 BP,Kijk-Kubus Museum,Museum,51.920324337784194,4.490140632039386,3011,3011 MH,Museum,1158,911
Cool/Rotterdam Centrum,3012,Hotel-Restaurant Bazar,51.915845,4.478786,3012,3012 BP,The Manhattan Brasserie & Bar,French Restaurant,51.92255556228822,4.471417357124218,3012,3012 CN,French Restaurant,1041,802
Cool/Rotterdam Centrum,3012,Hotel-Restaurant Bazar,51.915845,4.478786,3012,3012 BP,Pierre,French Restaurant,51.923736502327,4.487523268189586,3011,3011LH,French Restaurant,1430,1102
Cool/Rotterdam Centrum,3012,Hotel-Restaurant Bazar,51.915845,4.478786,3012,3012 BP,Natuurhistorisch Museum Rotterdam,Museum,51.91079,4.47255,3015,3015 AA,Museum,939,695
Cool/Rotterdam Centrum,3012,Hotel-Restaurant Bazar,51.915845,4.478786,3012,3012 BP,Miniworld Rotterdam,Museum,51.922658046060604,4.4647965835253425,3013,3013 AL,Museum,1520,1153
Cool/Rotterdam Centrum,3012,Hotel-Restaurant Bazar,51.915845,4.478786,3012,3012 BP,Le Nord,French Restaurant,51.927148849105734,4.4726759715782665,3033,3033 CA,French Restaurant,1709,1293
Cool/Rotterdam Centrum,3012,Hotel-Restaurant Bazar,51.915845,4.478786,3012,3012 BP,Het Nieuwe Instituut,Museum,51.91461204938058,4.470966544496404,3015,3015 CB,Museum,558,405
Rotterdam Centraal/Weena,3013,Holiday Inn Express Rotterdam - Central Station,51.92441487211056,4.475928246974945,3013,3013 CK,Annabel,Music Venue,51.92540257556953,4.475941780747949,3013,3013 AH,Music Venue,323,240
Rotterdam Centraal/Weena,3013,Holiday Inn Express Rotterdam - Central Station,51.92441487211056,4.475928246974945,3013,3013 CK,Theater 't Kapelletje,Theater,51.92946942278227,4.470156218690042,3033,3033 SR,Theater,1009,751
Rotterdam Centraal/Weena,3013,Holiday Inn Express Rotterdam - Central Station,51.92441487211056,4.475928246974945,3013,3013 CK,The Manhattan Brasserie & Bar,French Restaurant,51.92255556228822,4.471417357124218,3012,3012 CN,French Restaurant,445,353
Rotterdam Centraal/Weena,3013,Holiday Inn Express Rotterdam - Central Station,51.92441487211056,4.475928246974945,3013,3013 CK,FG Restaurant,French Restaurant,51.92640473389918,4.479447305202484,3032,3032 AE,French Restaurant,491,379
Rotterdam Centraal/Weena,3013,Holiday Inn Express Rotterdam - Central Station,51.92441487211056,4.475928246974945,3013,3013 CK,KINO,Movie Theater,51.91717560621591,4.469214206279973,3014,3014 PM,Movie Theater,1167,860
Rotterdam Centraal/Weena,3013,Holiday Inn Express Rotterdam - Central Station,51.92441487211056,4.475928246974945,3013,3013 CK,WORM,Music Venue,51.91564622542384,4.476397066924331,3012,3012 XA,Music Venue,1261,973
Rotterdam Centraal/Weena,3013,Holiday Inn Express Rotterdam - Central Station,51.92441487211056,4.475928246974945,3013,3013 CK,Old Dutch,French Restaurant,51.91577576266155,4.4712633464381435,3015,3015EK,French Restaurant,1332,982
Rotterdam Centraal/Weena,3013,Holiday Inn Express Rotterdam - Central Station,51.92441487211056,4.475928246974945,3013,3013 CK,Hofpleintheater,Theater,51.92792985431985,4.47735430983401,3032,3032 CC,Theater,673,517
Rotterdam Centraal/Weena,3013,Holiday Inn Express Rotterdam - Central Station,51.92441487211056,4.475928246974945,3013,3013 CK,Hartig,Bistro,51.91648381018933,4.478033367653975,3012,3012 VA,Bistro,1077,843
Rotterdam Centraal/Weena,3013,Holiday Inn Express Rotterdam - Central Station,51.92441487211056,4.475928246974945,3013,3013 CK,Oude Luxor Theater,Theater,51.923231265710996,4.477055605176264,3012,3012 EH,Theater,326,257
Rotterdam Centraal/Weena,3013,Holiday Inn Express Rotterdam - Central Station,51.92441487211056,4.475928246974945,3013,3013 CK,Miniworld Rotterdam,Museum,51.922658046060604,4.4647965835253425,3013,3013 AL,Museum,812,598
Rotterdam Centraal/Weena,3013,Holiday Inn Express Rotterdam - Central Station,51.92441487211056,4.475928246974945,3013,3013 CK,Le Nord,French Restaurant,51.927148849105734,4.4726759715782665,3033,3033 CA,French Restaurant,626,461
Rotterdam Centraal/Weena,3013,Holiday Inn Express Rotterdam - Central Station,51.92441487211056,4.475928246974945,3013,3013 CK,Rodin,French Restaurant,51.916298743121025,4.48117441259471,3011,3011 ES,French Restaurant,1138,877
Rotterdam Centraal/Weena,3013,Holiday Inn Express Rotterdam - Central Station,51.92441487211056,4.475928246974945,3013,3013 CK,Amarone,French Restaurant,51.922403,4.483389,3011,3011 JN,French Restaurant,743,573
Rotterdam Centraal/Weena,3013,Holiday Inn Express Rotterdam - Central Station,51.92441487211056,4.475928246974945,3013,3013 CK,Rotterdamse Schouwburg,Theater,51.9205330131339,4.474169612057505,3012,3012 CL,Theater,622,484
Rotterdam Centraal/Weena,3013,Holiday Inn Express Rotterdam - Central Station,51.92441487211056,4.475928246974945,3013,3013 CK,Staal Rotterdam,Bistro,51.92014350537927,4.480370571055765,3011,3011 AA,Bistro,695,542
Rotterdam Centraal/Weena,3013,Holiday Inn Express Rotterdam - Central Station,51.92441487211056,4.475928246974945,3013,3013 CK,Het Nieuwe Instituut,Museum,51.91461204938058,4.470966544496404,3015,3015 CB,Museum,1525,1137
Rotterdam Centraal/Weena,3013,Holiday Inn Express Rotterdam - Central Station,51.92441487211056,4.475928246974945,3013,3013 CK,Huis Sonneveld,Museum,51.91561,4.472333,3015,3015 CG,Museum,1332,996
Oude Westen,3014,Hotel Light,51.91532283902534,4.46351728299681,3014,3014EJ,KINO,Movie Theater,51.91717560621591,4.469214206279973,3014,3014 PM,Movie Theater,624,457
Oude Westen,3014,Hotel Light,51.91532283902534,4.46351728299681,3014,3014EJ,Old Dutch,French Restaurant,51.91577576266155,4.4712633464381435,3015,3015EK,French Restaurant,666,484
Oude Westen,3014,Hotel Light,51.91532283902534,4.46351728299681,3014,3014EJ,Annabel,Music Venue,51.92540257556953,4.475941780747949,3013,3013 AH,Music Venue,1822,1375
Oude Westen,3014,Hotel Light,51.91532283902534,4.46351728299681,3014,3014EJ,WORM,Music Venue,51.91564622542384,4.476397066924331,3012,3012 XA,Music Venue,1022,776
Oude Westen,3014,Hotel Light,51.91532283902534,4.46351728299681,3014,3014EJ,Hartig,Bistro,51.91648381018933,4.478033367653975,3012,3012 VA,Bistro,1189,886
Oude Westen,3014,Hotel Light,51.91532283902534,4.46351728299681,3014,3014EJ,Miniworld Rotterdam,Museum,51.922658046060604,4.4647965835253425,3013,3013 AL,Museum,962,733
Oude Westen,3014,Hotel Light,51.91532283902534,4.46351728299681,3014,3014EJ,Oude Luxor Theater,Theater,51.923231265710996,4.477055605176264,3012,3012 EH,Theater,1529,1139
Oude Westen,3014,Hotel Light,51.91532283902534,4.46351728299681,3014,3014EJ,The Manhattan Brasserie & Bar,French Restaurant,51.92255556228822,4.471417357124218,3012,3012 CN,French Restaurant,1207,913
Oude Westen,3014,Hotel Light,51.91532283902534,4.46351728299681,3014,3014EJ,Rodin,French Restaurant,51.916298743121025,4.48117441259471,3011,3011 ES,French Restaurant,1326,1004
Oude Westen,3014,Hotel Light,51.91532283902534,4.46351728299681,3014,3014EJ,Rotterdamse Schouwburg,Theater,51.9205330131339,4.474169612057505,3012,3012 CL,Theater,1249,920
Oude Westen,3014,Hotel Light,51.91532283902534,4.46351728299681,3014,3014EJ,Natuurhistorisch Museum Rotterdam,Museum,51.91079,4.47255,3015,3015 AA,Museum,1080,813
Oude Westen,3014,Hotel Light,51.91532283902534,4.46351728299681,3014,3014EJ,Staal Rotterdam,Bistro,51.92014350537927,4.480370571055765,3011,3011 AA,Bistro,1554,1163
Oude Westen,3014,Hotel Light,51.91532283902534,4.46351728299681,3014,3014EJ,Huis Sonneveld,Museum,51.91561,4.472333,3015,3015 CG,Museum,737,543
Oude Westen,3014,Hotel Light,51.91532283902534,4.46351728299681,3014,3014EJ,Arminius,Performing Arts Venue,51.91499492573677,4.473717063961222,3015,3015 CB,Performing Arts Venue,790,595
Oude Westen,3014,Hotel Light,51.91532283902534,4.46351728299681,3014,3014EJ,Le Nord,French Restaurant,51.927148849105734,4.4726759715782665,3033,3033 CA,French Restaurant,1856,1389
Oude Westen,3014,Hotel Light,51.91532283902534,4.46351728299681,3014,3014EJ,Het Nieuwe Instituut,Museum,51.91461204938058,4.470966544496404,3015,3015 CB,Museum,598,450
Dijkzigt,3015,Hotel Breitner,51.91566989757951,4.469307301445345,3015,3015 XA,Natuurhistorisch Museum Rotterdam,Museum,51.91079,4.47255,3015,3015 AA,Museum,964,728
Dijkzigt,3015,Hotel Breitner,51.91566989757951,4.469307301445345,3015,3015 XA,"Brasserie, restaurant, bar, lounge Stroom",Bistro,51.90405106937479,4.459737646020311,3024,3024 EA,Bistro,1815,1392
Dijkzigt,3015,Hotel Breitner,51.91566989757951,4.469307301445345,3015,3015 XA,Old Dutch,French Restaurant,51.91577576266155,4.4712633464381435,3015,3015EK,French Restaurant,196,142
Dijkzigt,3015,Hotel Breitner,51.91566989757951,4.469307301445345,3015,3015 XA,WORM,Music Venue,51.91564622542384,4.476397066924331,3012,3012 XA,Music Venue,690,528
Dijkzigt,3015,Hotel Breitner,51.91566989757951,4.469307301445345,3015,3015 XA,Het Nieuwe Instituut,Museum,51.91461204938058,4.470966544496404,3015,3015 CB,Museum,482,365
Dijkzigt,3015,Hotel Breitner,51.91566989757951,4.469307301445345,3015,3015 XA,KINO,Movie Theater,51.91717560621591,4.469214206279973,3014,3014 PM,Movie Theater,271,199
Dijkzigt,3015,Hotel Breitner,51.91566989757951,4.469307301445345,3015,3015 XA,De Theaterschool,Theater,51.90607744448595,4.460350261236241,3024,3024 BJ,Theater,1612,1235
Dijkzigt,3015,Hotel Breitner,51.91566989757951,4.469307301445345,3015,3015 XA,Hartig,Bistro,51.91648381018933,4.478033367653975,3012,3012 VA,Bistro,738,568
Dijkzigt,3015,Hotel Breitner,51.91566989757951,4.469307301445345,3015,3015 XA,Huson,French Restaurant,51.910903789254796,4.478037494768947,3011,3011 BS,French Restaurant,1088,841
Dijkzigt,3015,Hotel Breitner,51.91566989757951,4.469307301445345,3015,3015 XA,Roffa Streetfoodbar,Bistro,51.91046664798373,4.478026464862741,3016,3016 AE,Bistro,1117,867
Dijkzigt,3015,Hotel Breitner,51.91566989757951,4.469307301445345,3015,3015 XA,Belasting & Douane Museum,Museum,51.907699,4.476655,3016,3016 BB,Museum,1507,1154
Dijkzigt,3015,Hotel Breitner,51.91566989757951,4.469307301445345,3015,3015 XA,Rodin,French Restaurant,51.916298743121025,4.48117441259471,3011,3011 ES,French Restaurant,1031,789
Dijkzigt,3015,Hotel Breitner,51.91566989757951,4.469307301445345,3015,3015 XA,Huis Sonneveld,Museum,51.91561,4.472333,3015,3015 CG,Museum,320,244
Dijkzigt,3015,Hotel Breitner,51.91566989757951,4.469307301445345,3015,3015 XA,Rotterdamse Schouwburg,Theater,51.9205330131339,4.474169612057505,3012,3012 CL,Theater,813,602
Dijkzigt,3015,Hotel Breitner,51.91566989757951,4.469307301445345,3015,3015 XA,Arminius,Performing Arts Venue,51.91499492573677,4.473717063961222,3015,3015 CB,Performing Arts Venue,603,460
Dijkzigt,3015,Hotel Breitner,51.91566989757951,4.469307301445345,3015,3015 XA,Parkheuvel,French Restaurant,51.903798,4.471645,3016,3016 GL,French Restaurant,1871,1407
Dijkzigt,3015,Bilderberg Parkhotel Rotterdam,51.915927997681884,4.473517188129288,3015,3015 LB,Natuurhistorisch Museum Rotterdam,Museum,51.91079,4.47255,3015,3015 AA,Museum,746,550
Dijkzigt,3015,Bilderberg Parkhotel Rotterdam,51.915927997681884,4.473517188129288,3015,3015 LB,"Brasserie, restaurant, bar, lounge Stroom",Bistro,51.90405106937479,4.459737646020311,3024,3024 EA,Bistro,2008,1525
Dijkzigt,3015,Bilderberg Parkhotel Rotterdam,51.915927997681884,4.473517188129288,3015,3015 LB,Old Dutch,French Restaurant,51.91577576266155,4.4712633464381435,3015,3015EK,French Restaurant,199,151
Dijkzigt,3015,Bilderberg Parkhotel Rotterdam,51.915927997681884,4.473517188129288,3015,3015 LB,WORM,Music Venue,51.91564622542384,4.476397066924331,3012,3012 XA,Music Venue,303,235
Dijkzigt,3015,Bilderberg Parkhotel Rotterdam,51.915927997681884,4.473517188129288,3015,3015 LB,Het Nieuwe Instituut,Museum,51.91461204938058,4.470966544496404,3015,3015 CB,Museum,365,260
Dijkzigt,3015,Bilderberg Parkhotel Rotterdam,51.915927997681884,4.473517188129288,3015,3015 LB,KINO,Movie Theater,51.91717560621591,4.469214206279973,3014,3014 PM,Movie Theater,453,349
Dijkzigt,3015,Bilderberg Parkhotel Rotterdam,51.915927997681884,4.473517188129288,3015,3015 LB,De Theaterschool,Theater,51.90607744448595,4.460350261236241,3024,3024 BJ,Theater,1784,1359
Dijkzigt,3015,Bilderberg Parkhotel Rotterdam,51.915927997681884,4.473517188129288,3015,3015 LB,Hartig,Bistro,51.91648381018933,4.478033367653975,3012,3012 VA,Bistro,381,290
Dijkzigt,3015,Bilderberg Parkhotel Rotterdam,51.915927997681884,4.473517188129288,3015,3015 LB,Huson,French Restaurant,51.910903789254796,4.478037494768947,3011,3011 BS,French Restaurant,656,505
Dijkzigt,3015,Bilderberg Parkhotel Rotterdam,51.915927997681884,4.473517188129288,3015,3015 LB,Roffa Streetfoodbar,Bistro,51.91046664798373,4.478026464862741,3016,3016 AE,Bistro,686,531
Dijkzigt,3015,Bilderberg Parkhotel Rotterdam,51.915927997681884,4.473517188129288,3015,3015 LB,Belasting & Douane Museum,Museum,51.907699,4.476655,3016,3016 BB,Museum,1076,818
Dijkzigt,3015,Bilderberg Parkhotel Rotterdam,51.915927997681884,4.473517188129288,3015,3015 LB,Rodin,French Restaurant,51.916298743121025,4.48117441259471,3011,3011 ES,French Restaurant,616,465
Dijkzigt,3015,Bilderberg Parkhotel Rotterdam,51.915927997681884,4.473517188129288,3015,3015 LB,Huis Sonneveld,Museum,51.91561,4.472333,3015,3015 CG,Museum,153,111
Dijkzigt,3015,Bilderberg Parkhotel Rotterdam,51.915927997681884,4.473517188129288,3015,3015 LB,Rotterdamse Schouwburg,Theater,51.9205330131339,4.474169612057505,3012,3012 CL,Theater,628,481
Dijkzigt,3015,Bilderberg Parkhotel Rotterdam,51.915927997681884,4.473517188129288,3015,3015 LB,Arminius,Performing Arts Venue,51.91499492573677,4.473717063961222,3015,3015 CB,Performing Arts Venue,172,124
Dijkzigt,3015,Bilderberg Parkhotel Rotterdam,51.915927997681884,4.473517188129288,3015,3015 LB,Parkheuvel,French Restaurant,51.903798,4.471645,3016,3016 GL,French Restaurant,1784,1324
Dijkzigt,3015,Hotel Emma Rotterdam,51.91684869270132,4.47273127968555,3015,3015BA,Natuurhistorisch Museum Rotterdam,Museum,51.91079,4.47255,3015,3015 AA,Museum,801,607
Dijkzigt,3015,Hotel Emma Rotterdam,51.91684869270132,4.47273127968555,3015,3015BA,"Brasserie, restaurant, bar, lounge Stroom",Bistro,51.90405106937479,4.459737646020311,3024,3024 EA,Bistro,2073,1582
Dijkzigt,3015,Hotel Emma Rotterdam,51.91684869270132,4.47273127968555,3015,3015BA,Old Dutch,French Restaurant,51.91577576266155,4.4712633464381435,3015,3015EK,French Restaurant,227,164
Dijkzigt,3015,Hotel Emma Rotterdam,51.91684869270132,4.47273127968555,3015,3015BA,WORM,Music Venue,51.91564622542384,4.476397066924331,3012,3012 XA,Music Venue,376,300
Dijkzigt,3015,Hotel Emma Rotterdam,51.91684869270132,4.47273127968555,3015,3015BA,Het Nieuwe Instituut,Museum,51.91461204938058,4.470966544496404,3015,3015 CB,Museum,419,317
Dijkzigt,3015,Hotel Emma Rotterdam,51.91684869270132,4.47273127968555,3015,3015BA,KINO,Movie Theater,51.91717560621591,4.469214206279973,3014,3014 PM,Movie Theater,335,246
Dijkzigt,3015,Hotel Emma Rotterdam,51.91684869270132,4.47273127968555,3015,3015BA,De Theaterschool,Theater,51.90607744448595,4.460350261236241,3024,3024 BJ,Theater,1868,1427
Dijkzigt,3015,Hotel Emma Rotterdam,51.91684869270132,4.47273127968555,3015,3015BA,Hartig,Bistro,51.91648381018933,4.478033367653975,3012,3012 VA,Bistro,454,355
Dijkzigt,3015,Hotel Emma Rotterdam,51.91684869270132,4.47273127968555,3015,3015BA,Huson,French Restaurant,51.910903789254796,4.478037494768947,3011,3011 BS,French Restaurant,774,613
Dijkzigt,3015,Hotel Emma Rotterdam,51.91684869270132,4.47273127968555,3015,3015BA,Roffa Streetfoodbar,Bistro,51.91046664798373,4.478026464862741,3016,3016 AE,Bistro,803,640
Dijkzigt,3015,Hotel Emma Rotterdam,51.91684869270132,4.47273127968555,3015,3015BA,Belasting & Douane Museum,Museum,51.907699,4.476655,3016,3016 BB,Museum,1193,926
Dijkzigt,3015,Hotel Emma Rotterdam,51.91684869270132,4.47273127968555,3015,3015BA,Rodin,French Restaurant,51.916298743121025,4.48117441259471,3011,3011 ES,French Restaurant,710,546
Dijkzigt,3015,Hotel Emma Rotterdam,51.91684869270132,4.47273127968555,3015,3015BA,Huis Sonneveld,Museum,51.91561,4.472333,3015,3015 CG,Museum,226,177
Dijkzigt,3015,Hotel Emma Rotterdam,51.91684869270132,4.47273127968555,3015,3015BA,Rotterdamse Schouwburg,Theater,51.9205330131339,4.474169612057505,3012,3012 CL,Theater,514,385
Dijkzigt,3015,Hotel Emma Rotterdam,51.91684869270132,4.47273127968555,3015,3015BA,Arminius,Performing Arts Venue,51.91499492573677,4.473717063961222,3015,3015 CB,Performing Arts Venue,289,232
Dijkzigt,3015,Hotel Emma Rotterdam,51.91684869270132,4.47273127968555,3015,3015BA,Parkheuvel,French Restaurant,51.903798,4.471645,3016,3016 GL,French Restaurant,1902,1432
Scheepvaartkwartier/Nieuwe Werk,3016,Quartier Du Port,51.909612189154075,4.478547914241179,3016,3016 BJ,Belasting & Douane Museum,Museum,51.907699,4.476655,3016,3016 BB,Museum,281,203
Scheepvaartkwartier/Nieuwe Werk,3016,Quartier Du Port,51.909612189154075,4.478547914241179,3016,3016 BJ,Natuurhistorisch Museum Rotterdam,Museum,51.91079,4.47255,3015,3015 AA,Museum,606,451
Scheepvaartkwartier/Nieuwe Werk,3016,Quartier Du Port,51.909612189154075,4.478547914241179,3016,3016 BJ,By Ami Urban Bistro,Bistro,51.905755,4.489431,3072,3072 ME,Bistro,1379,1064
Scheepvaartkwartier/Nieuwe Werk,3016,Quartier Du Port,51.909612189154075,4.478547914241179,3016,3016 BJ,"Brasserie, restaurant, bar, lounge Stroom",Bistro,51.90405106937479,4.459737646020311,3024,3024 EA,Bistro,1695,1270
Scheepvaartkwartier/Nieuwe Werk,3016,Quartier Du Port,51.909612189154075,4.478547914241179,3016,3016 BJ,Vers 010,Bistro,51.90684722550305,4.490281400820702,3072,3072 MA,Bistro,1183,934
Scheepvaartkwartier/Nieuwe Werk,3016,Quartier Du Port,51.909612189154075,4.478547914241179,3016,3016 BJ,LantarenVenster,Movie Theater,51.90489883396685,4.487035211366009,3072,3072 MD,Movie Theater,1514,1157
Scheepvaartkwartier/Nieuwe Werk,3016,Quartier Du Port,51.909612189154075,4.478547914241179,3016,3016 BJ,Parkheuvel,French Restaurant,51.903798,4.471645,3016,3016 GL,French Restaurant,981,715
Scheepvaartkwartier/Nieuwe Werk,3016,Quartier Du Port,51.909612189154075,4.478547914241179,3016,3016 BJ,Roffa Streetfoodbar,Bistro,51.91046664798373,4.478026464862741,3016,3016 AE,Bistro,104,80
Scheepvaartkwartier/Nieuwe Werk,3016,Quartier Du Port,51.909612189154075,4.478547914241179,3016,3016 BJ,De Theaterschool,Theater,51.90607744448595,4.460350261236241,3024,3024 BJ,Theater,1535,1159
Scheepvaartkwartier/Nieuwe Werk,3016,Quartier Du Port,51.909612189154075,4.478547914241179,3016,3016 BJ,Nieuwe Luxor Theater,Theater,51.90673712416364,4.4910478591918945,3072,3072 AG,Theater,1299,1020
Scheepvaartkwartier/Nieuwe Werk,3016,Quartier Du Port,51.909612189154075,4.478547914241179,3016,3016 BJ,Huson,French Restaurant,51.910903789254796,4.478037494768947,3011,3011 BS,French Restaurant,150,113
Scheepvaartkwartier/Nieuwe Werk,3016,Quartier Du Port,51.909612189154075,4.478547914241179,3016,3016 BJ,Verhalenhuis Belvédère,Performing Arts Venue,51.901254,4.481867,3072,3072 LB,Performing Arts Venue,2267,1728
Scheepvaartkwartier/Nieuwe Werk,3016,Quartier Du Port,51.909612189154075,4.478547914241179,3016,3016 BJ,Kantine Walhalla,Theater,51.90185123252282,4.486168149320923,3072,3072 AN,Theater,1956,1489
Scheepvaartkwartier/Nieuwe Werk,3016,Quartier Du Port,51.909612189154075,4.478547914241179,3016,3016 BJ,Dutch Pinball Museum,Museum,51.90238407455559,4.483581413922975,3072,3072 AN,Museum,2068,1566
Scheepvaartkwartier/Nieuwe Werk,3016,Quartier Du Port,51.909612189154075,4.478547914241179,3016,3016 BJ,Pleinbioscoop Rotterdam,Movie Theater,51.91315715600993,4.472015770644228,3015,3015 CX,Movie Theater,756,549
Scheepvaartkwartier/Nieuwe Werk,3016,Quartier Du Port,51.909612189154075,4.478547914241179,3016,3016 BJ,POSSE,Bistro,51.901775,4.48551,3072,3072 AN,Bistro,2001,1524
Scheepvaartkwartier/Nieuwe Werk,3016,Quartier Du Port,51.909612189154075,4.478547914241179,3016,3016 BJ,Arminius,Performing Arts Venue,51.91499492573677,4.473717063961222,3015,3015 CB,Performing Arts Venue,709,521
Scheepvaartkwartier/Nieuwe Werk,3016,Quartier Du Port,51.909612189154075,4.478547914241179,3016,3016 BJ,Het Nieuwe Instituut,Museum,51.91461204938058,4.470966544496404,3015,3015 CB,Museum,902,658
Middelland,3021,Hotel Milano,51.91846060525555,4.463107513814714,3021,3021EA,Belén,Bistro,51.917643,4.458111,3021,3021 BT,Bistro,456,346
Middelland,3021,Hotel Milano,51.91846060525555,4.463107513814714,3021,3021EA,Petitpaleis,Movie Theater,51.920489,4.47423,3012,3012 CC,Movie Theater,1004,755
Middelland,3021,Hotel Milano,51.91846060525555,4.463107513814714,3021,3021EA,The World,Bistro,51.92379060878354,4.4716041406785285,3013,3013 BA,Bistro,1046,805
Middelland,3021,Hotel Milano,51.91846060525555,4.463107513814714,3021,3021EA,KINO,Movie Theater,51.91717560621591,4.469214206279973,3014,3014 PM,Movie Theater,721,541
Middelland,3021,Hotel Milano,51.91846060525555,4.463107513814714,3021,3021EA,The Performance Bar,Performing Arts Venue,51.916031302987335,4.476064196482979,3012,3012 XL,Performing Arts Venue,1509,1127
Middelland,3021,Hotel Milano,51.91846060525555,4.463107513814714,3021,3021EA,Old Dutch,French Restaurant,51.91577576266155,4.4712633464381435,3015,3015EK,French Restaurant,1111,816
Middelland,3021,Hotel Milano,51.91846060525555,4.463107513814714,3021,3021EA,WORM,Music Venue,51.91564622542384,4.476397066924331,3012,3012 XA,Music Venue,1467,1108
Middelland,3021,Hotel Milano,51.91846060525555,4.463107513814714,3021,3021EA,Soit,French Restaurant,51.91309530341845,4.463746549031342,3015,3015 CC,French Restaurant,904,669
Middelland,3021,Hotel Milano,51.91846060525555,4.463107513814714,3021,3021EA,stichting de goevernestraat,Theater,51.917001,4.469312,3014,3014 PM,Theater,741,555
Middelland,3021,Hotel Milano,51.91846060525555,4.463107513814714,3021,3021EA,Tijdelijk modemuseum,Museum,51.914693,4.471165,3015,3015 CB,Museum,1059,793
Middelland,3021,Hotel Milano,51.91846060525555,4.463107513814714,3021,3021EA,Rotterdamse Schouwburg,Theater,51.9205330131339,4.474169612057505,3012,3012 CL,Theater,949,718
Middelland,3021,Hotel Milano,51.91846060525555,4.463107513814714,3021,3021EA,Miniworld Rotterdam,Museum,51.922658046060604,4.4647965835253425,3013,3013 AL,Museum,620,491
Middelland,3021,Hotel Milano,51.91846060525555,4.463107513814714,3021,3021EA,Natuurhistorisch Museum Rotterdam,Museum,51.91079,4.47255,3015,3015 AA,Museum,1525,1145
Middelland,3021,Hotel Milano,51.91846060525555,4.463107513814714,3021,3021EA,Pleinbioscoop Rotterdam,Movie Theater,51.91315715600993,4.472015770644228,3015,3015 CX,Movie Theater,1223,914
Middelland,3021,Hotel Milano,51.91846060525555,4.463107513814714,3021,3021EA,Huis Sonneveld,Museum,51.91561,4.472333,3015,3015 CG,Museum,1182,875
Middelland,3021,Hotel Milano,51.91846060525555,4.463107513814714,3021,3021EA,Het Nieuwe Instituut,Museum,51.91461204938058,4.470966544496404,3015,3015 CB,Museum,1043,782
Middelland,3021,Hotel Orion,51.91268729873533,4.461657393336214,3021,3021 JM,Belén,Bistro,51.917643,4.458111,3021,3021 BT,Bistro,763,560
Middelland,3021,Hotel Orion,51.91268729873533,4.461657393336214,3021,3021 JM,Petitpaleis,Movie Theater,51.920489,4.47423,3012,3012 CC,Movie Theater,1477,1093
Middelland,3021,Hotel Orion,51.91268729873533,4.461657393336214,3021,3021 JM,The World,Bistro,51.92379060878354,4.4716041406785285,3013,3013 BA,Bistro,1708,1280
Middelland,3021,Hotel Orion,51.91268729873533,4.461657393336214,3021,3021 JM,KINO,Movie Theater,51.91717560621591,4.469214206279973,3014,3014 PM,Movie Theater,854,634
Middelland,3021,Hotel Orion,51.91268729873533,4.461657393336214,3021,3021 JM,The Performance Bar,Performing Arts Venue,51.916031302987335,4.476064196482979,3012,3012 XL,Performing Arts Venue,1270,949
Middelland,3021,Hotel Orion,51.91268729873533,4.461657393336214,3021,3021 JM,Old Dutch,French Restaurant,51.91577576266155,4.4712633464381435,3015,3015EK,French Restaurant,872,638
Middelland,3021,Hotel Orion,51.91268729873533,4.461657393336214,3021,3021 JM,WORM,Music Venue,51.91564622542384,4.476397066924331,3012,3012 XA,Music Venue,1228,930
Middelland,3021,Hotel Orion,51.91268729873533,4.461657393336214,3021,3021 JM,Soit,French Restaurant,51.91309530341845,4.463746549031342,3015,3015 CC,French Restaurant,384,282
Middelland,3021,Hotel Orion,51.91268729873533,4.461657393336214,3021,3021 JM,stichting de goevernestraat,Theater,51.917001,4.469312,3014,3014 PM,Theater,835,619
Middelland,3021,Hotel Orion,51.91268729873533,4.461657393336214,3021,3021 JM,Tijdelijk modemuseum,Museum,51.914693,4.471165,3015,3015 CB,Museum,820,615
Middelland,3021,Hotel Orion,51.91268729873533,4.461657393336214,3021,3021 JM,Rotterdamse Schouwburg,Theater,51.9205330131339,4.474169612057505,3012,3012 CL,Theater,1479,1097
Middelland,3021,Hotel Orion,51.91268729873533,4.461657393336214,3021,3021 JM,Miniworld Rotterdam,Museum,51.922658046060604,4.4647965835253425,3013,3013 AL,Museum,1367,1043
Middelland,3021,Hotel Orion,51.91268729873533,4.461657393336214,3021,3021 JM,Natuurhistorisch Museum Rotterdam,Museum,51.91079,4.47255,3015,3015 AA,Museum,1286,967
Middelland,3021,Hotel Orion,51.91268729873533,4.461657393336214,3021,3021 JM,Pleinbioscoop Rotterdam,Movie Theater,51.91315715600993,4.472015770644228,3015,3015 CX,Movie Theater,984,736
Middelland,3021,Hotel Orion,51.91268729873533,4.461657393336214,3021,3021 JM,Huis Sonneveld,Museum,51.91561,4.472333,3015,3015 CG,Museum,943,697
Middelland,3021,Hotel Orion,51.91268729873533,4.461657393336214,3021,3021 JM,Het Nieuwe Instituut,Museum,51.91461204938058,4.470966544496404,3015,3015 CB,Museum,804,604
Middelland,3021,Hotel Floris Rotterdam,51.919756648585285,4.458095489621418,3021,3021 CJ,Belén,Bistro,51.917643,4.458111,3021,3021 BT,Bistro,358,276
Middelland,3021,Hotel Floris Rotterdam,51.919756648585285,4.458095489621418,3021,3021 CJ,Petitpaleis,Movie Theater,51.920489,4.47423,3012,3012 CC,Movie Theater,1496,1109
Middelland,3021,Hotel Floris Rotterdam,51.919756648585285,4.458095489621418,3021,3021 CJ,The World,Bistro,51.92379060878354,4.4716041406785285,3013,3013 BA,Bistro,1152,874
Middelland,3021,Hotel Floris Rotterdam,51.919756648585285,4.458095489621418,3021,3021 CJ,KINO,Movie Theater,51.91717560621591,4.469214206279973,3014,3014 PM,Movie Theater,1228,919
Middelland,3021,Hotel Floris Rotterdam,51.919756648585285,4.458095489621418,3021,3021 CJ,The Performance Bar,Performing Arts Venue,51.916031302987335,4.476064196482979,3012,3012 XL,Performing Arts Venue,1903,1436
Middelland,3021,Hotel Floris Rotterdam,51.919756648585285,4.458095489621418,3021,3021 CJ,Old Dutch,French Restaurant,51.91577576266155,4.4712633464381435,3015,3015EK,French Restaurant,1506,1124
Middelland,3021,Hotel Floris Rotterdam,51.919756648585285,4.458095489621418,3021,3021 CJ,WORM,Music Venue,51.91564622542384,4.476397066924331,3012,3012 XA,Music Venue,1862,1417
Middelland,3021,Hotel Floris Rotterdam,51.919756648585285,4.458095489621418,3021,3021 CJ,Soit,French Restaurant,51.91309530341845,4.463746549031342,3015,3015 CC,French Restaurant,1298,978
Middelland,3021,Hotel Floris Rotterdam,51.919756648585285,4.458095489621418,3021,3021 CJ,stichting de goevernestraat,Theater,51.917001,4.469312,3014,3014 PM,Theater,1248,933
Middelland,3021,Hotel Floris Rotterdam,51.919756648585285,4.458095489621418,3021,3021 CJ,Tijdelijk modemuseum,Museum,51.914693,4.471165,3015,3015 CB,Museum,1453,1102
Middelland,3021,Hotel Floris Rotterdam,51.919756648585285,4.458095489621418,3021,3021 CJ,Rotterdamse Schouwburg,Theater,51.9205330131339,4.474169612057505,3012,3012 CL,Theater,1442,1072
Middelland,3021,Hotel Floris Rotterdam,51.919756648585285,4.458095489621418,3021,3021 CJ,Miniworld Rotterdam,Museum,51.922658046060604,4.4647965835253425,3013,3013 AL,Museum,635,479
Middelland,3021,Hotel Floris Rotterdam,51.919756648585285,4.458095489621418,3021,3021 CJ,Natuurhistorisch Museum Rotterdam,Museum,51.91079,4.47255,3015,3015 AA,Museum,1919,1453
Middelland,3021,Hotel Floris Rotterdam,51.919756648585285,4.458095489621418,3021,3021 CJ,Pleinbioscoop Rotterdam,Movie Theater,51.91315715600993,4.472015770644228,3015,3015 CX,Movie Theater,1618,1222
Middelland,3021,Hotel Floris Rotterdam,51.919756648585285,4.458095489621418,3021,3021 CJ,Huis Sonneveld,Museum,51.91561,4.472333,3015,3015 CG,Museum,1576,1184
Middelland,3021,Hotel Floris Rotterdam,51.919756648585285,4.458095489621418,3021,3021 CJ,Het Nieuwe Instituut,Museum,51.91461204938058,4.470966544496404,3015,3015 CB,Museum,1437,1090
Coolhaveneiland,3024,Port Hotel,51.90731655156511,4.459060057729539,3024,3024 BG,SKVR Muziekschool,Music Venue,51.90678705629263,4.459059916720666,3024,3024 BG,Music Venue,66,50
Coolhaveneiland,3024,Port Hotel,51.90731655156511,4.459060057729539,3024,3024 BG,Podium Grounds,Music Venue,51.9069171,4.4593823,3024,3024 BG,Music Venue,55,43
Coolhaveneiland,3024,Port Hotel,51.90731655156511,4.459060057729539,3024,3024 BG,De Theaterschool,Theater,51.90607744448595,4.460350261236241,3024,3024 BJ,Theater,170,132
Coolhaveneiland,3024,Port Hotel,51.90731655156511,4.459060057729539,3024,3024 BG,"Brasserie, restaurant, bar, lounge Stroom",Bistro,51.90405106937479,4.459737646020311,3024,3024 EA,Bistro,455,361
Coolhaveneiland,3024,Port Hotel,51.90731655156511,4.459060057729539,3024,3024 BG,Maaspodium,Theater,51.90583698370631,4.462500880066528,3024,3024 EH,Theater,478,375
Coolhaveneiland,3024,Port Hotel,51.90731655156511,4.459060057729539,3024,3024 BG,Oefenruimte De Frikandel,Performing Arts Venue,51.9079282235422,4.452319098256182,3024,3024 AN,Performing Arts Venue,505,365
Coolhaveneiland,3024,Port Hotel,51.90731655156511,4.459060057729539,3024,3024 BG,Onafhankelijk Toneel,Theater,51.90433290010383,4.4496198496069415,3025,3025 AZ,Theater,976,715
Coolhaveneiland,3024,Port Hotel,51.90731655156511,4.459060057729539,3024,3024 BG,Soit,French Restaurant,51.91309530341845,4.463746549031342,3015,3015 CC,French Restaurant,917,697
Coolhaveneiland,3024,Port Hotel,51.90731655156511,4.459060057729539,3024,3024 BG,Jameson Film Experience,Movie Theater,51.903409886535115,4.459114269123611,3024,3024 EZ,Movie Theater,610,468
Coolhaveneiland,3024,Port Hotel,51.90731655156511,4.459060057729539,3024,3024 BG,IN10 Theatre,Theater,51.902347,4.4593,3024,3024ES,Theater,702,538
Coolhaveneiland,3024,Port Hotel,51.90731655156511,4.459060057729539,3024,3024 BG,'t Ouwe Bruggetje,French Restaurant,51.90823838875037,4.448599488857896,3024,3024 RM,French Restaurant,962,711
Coolhaveneiland,3024,Port Hotel,51.90731655156511,4.459060057729539,3024,3024 BG,Mithe,Movie Theater,51.914233524424134,4.459753334044776,3021,3021 HT,Movie Theater,905,684
Coolhaveneiland,3024,Port Hotel,51.90731655156511,4.459060057729539,3024,3024 BG,FG bistro,French Restaurant,51.902359,4.460978,3024,3024 EA,French Restaurant,627,482
Coolhaveneiland,3024,Port Hotel,51.90731655156511,4.459060057729539,3024,3024 BG,PrinsesTheater,Music Venue,51.91002738729341,4.447678,3026,3026 AB,Music Venue,996,744
Coolhaveneiland,3024,Port Hotel,51.90731655156511,4.459060057729539,3024,3024 BG,Trammuseum,Museum,51.9118129775741,4.454025301889661,3051,3051 PC,Museum,746,561
Coolhaveneiland,3024,Port Hotel,51.90731655156511,4.459060057729539,3024,3024 BG,FG Restaurant,French Restaurant,51.90252000899483,4.461195390890579,3032,3032 AE,French Restaurant,594,457
Coolhaveneiland,3024,Port Hotel,51.90731655156511,4.459060057729539,3024,3024 BG,Natuurhistorisch Museum Rotterdam,Museum,51.91079,4.47255,3015,3015 AA,Museum,1092,848
Coolhaveneiland,3024,Port Hotel,51.90731655156511,4.459060057729539,3024,3024 BG,Parkheuvel,French Restaurant,51.903798,4.471645,3016,3016 GL,French Restaurant,1324,995
Coolhaveneiland,3024,Stroom Rotterdam,51.9040579066673,4.459747007034115,3024,3024EA,SKVR Muziekschool,Music Venue,51.90678705629263,4.459059916720666,3024,3024 BG,Music Venue,428,335
Coolhaveneiland,3024,Stroom Rotterdam,51.9040579066673,4.459747007034115,3024,3024EA,Podium Grounds,Music Venue,51.9069171,4.4593823,3024,3024 BG,Music Venue,399,313
Coolhaveneiland,3024,Stroom Rotterdam,51.9040579066673,4.459747007034115,3024,3024EA,De Theaterschool,Theater,51.90607744448595,4.460350261236241,3024,3024 BJ,Theater,285,232
Coolhaveneiland,3024,Stroom Rotterdam,51.9040579066673,4.459747007034115,3024,3024EA,"Brasserie, restaurant, bar, lounge Stroom",Bistro,51.90405106937479,4.459737646020311,3024,3024 EA,Bistro,1,0
Coolhaveneiland,3024,Stroom Rotterdam,51.9040579066673,4.459747007034115,3024,3024EA,Maaspodium,Theater,51.90583698370631,4.462500880066528,3024,3024 EH,Theater,290,214
Coolhaveneiland,3024,Stroom Rotterdam,51.9040579066673,4.459747007034115,3024,3024EA,Oefenruimte De Frikandel,Performing Arts Venue,51.9079282235422,4.452319098256182,3024,3024 AN,Performing Arts Venue,910,690
Coolhaveneiland,3024,Stroom Rotterdam,51.9040579066673,4.459747007034115,3024,3024EA,Onafhankelijk Toneel,Theater,51.90433290010383,4.4496198496069415,3025,3025 AZ,Theater,857,645
Coolhaveneiland,3024,Stroom Rotterdam,51.9040579066673,4.459747007034115,3024,3024EA,Soit,French Restaurant,51.91309530341845,4.463746549031342,3015,3015 CC,French Restaurant,1298,999
Coolhaveneiland,3024,Stroom Rotterdam,51.9040579066673,4.459747007034115,3024,3024EA,Jameson Film Experience,Movie Theater,51.903409886535115,4.459114269123611,3024,3024 EZ,Movie Theater,234,165
Coolhaveneiland,3024,Stroom Rotterdam,51.9040579066673,4.459747007034115,3024,3024EA,IN10 Theatre,Theater,51.902347,4.4593,3024,3024ES,Theater,248,177
Coolhaveneiland,3024,Stroom Rotterdam,51.9040579066673,4.459747007034115,3024,3024EA,'t Ouwe Bruggetje,French Restaurant,51.90823838875037,4.448599488857896,3024,3024 RM,French Restaurant,1251,949
Coolhaveneiland,3024,Stroom Rotterdam,51.9040579066673,4.459747007034115,3024,3024EA,Mithe,Movie Theater,51.914233524424134,4.459753334044776,3021,3021 HT,Movie Theater,1360,1039
Coolhaveneiland,3024,Stroom Rotterdam,51.9040579066673,4.459747007034115,3024,3024EA,FG bistro,French Restaurant,51.902359,4.460978,3024,3024 EA,French Restaurant,270,195
Coolhaveneiland,3024,Stroom Rotterdam,51.9040579066673,4.459747007034115,3024,3024EA,PrinsesTheater,Music Venue,51.91002738729341,4.447678,3026,3026 AB,Music Venue,1307,997
Coolhaveneiland,3024,Stroom Rotterdam,51.9040579066673,4.459747007034115,3024,3024EA,Trammuseum,Museum,51.9118129775741,4.454025301889661,3051,3051 PC,Museum,1201,917
Coolhaveneiland,3024,Stroom Rotterdam,51.9040579066673,4.459747007034115,3024,3024EA,FG Restaurant,French Restaurant,51.90252000899483,4.461195390890579,3032,3032 AE,French Restaurant,311,223
Coolhaveneiland,3024,Stroom Rotterdam,51.9040579066673,4.459747007034115,3024,3024EA,Natuurhistorisch Museum Rotterdam,Museum,51.91079,4.47255,3015,3015 AA,Museum,1307,1003
Coolhaveneiland,3024,Stroom Rotterdam,51.9040579066673,4.459747007034115,3024,3024EA,Parkheuvel,French Restaurant,51.903798,4.471645,3016,3016 GL,French Restaurant,1308,967
Feijenoord/Noordereiland/Kop van Zuid,3071,Suite Hotel Pincoffs,51.9108888,4.4970735,3071,3071 JX,Blind Date Sexbioscoop,Movie Theater,51.90833051444254,4.507569420867876,3071,3071 SM,Movie Theater,965,719
Feijenoord/Noordereiland/Kop van Zuid,3071,Suite Hotel Pincoffs,51.9108888,4.4970735,3071,3071 JX,Kamp Horst,Performing Arts Venue,51.912443,4.491432,3071,3071 NK,Performing Arts Venue,943,717
Feijenoord/Noordereiland/Kop van Zuid,3071,Suite Hotel Pincoffs,51.9108888,4.4970735,3071,3071 JX,By Ami Urban Bistro,Bistro,51.905755,4.489431,3072,3072 ME,Bistro,793,610
Feijenoord/Noordereiland/Kop van Zuid,3071,Suite Hotel Pincoffs,51.9108888,4.4970735,3071,3071 JX,In De Keuken Van Floris,French Restaurant,51.917284957675534,4.517710458461624,3063,3063 AM,French Restaurant,2978,2278
Feijenoord/Noordereiland/Kop van Zuid,3071,Suite Hotel Pincoffs,51.9108888,4.4970735,3071,3071 JX,WeMakeMedia HQ,Movie Theater,51.91217768162097,4.491026401519775,3071,3071NM,Movie Theater,984,746
Feijenoord/Noordereiland/Kop van Zuid,3071,Suite Hotel Pincoffs,51.9108888,4.4970735,3071,3071 JX,Schaakstukkenmuseum,Museum,51.919872,4.490766,3011,3011 TA,Museum,1474,1147
Feijenoord/Noordereiland/Kop van Zuid,3071,Suite Hotel Pincoffs,51.9108888,4.4970735,3071,3071 JX,Vers 010,Bistro,51.90684722550305,4.490281400820702,3072,3072 MA,Bistro,695,545
Feijenoord/Noordereiland/Kop van Zuid,3071,Suite Hotel Pincoffs,51.9108888,4.4970735,3071,3071 JX,Villa Zebra,Museum,51.911265,4.496958,3071,3071 JV,Museum,102,81
Feijenoord/Noordereiland/Kop van Zuid,3071,Suite Hotel Pincoffs,51.9108888,4.4970735,3071,3071 JX,Nieuwe Luxor Theater,Theater,51.90673712416364,4.4910478591918945,3072,3072 AG,Theater,638,506
Feijenoord/Noordereiland/Kop van Zuid,3071,Suite Hotel Pincoffs,51.9108888,4.4970735,3071,3071 JX,Van Vollenhoven 'inspired By Rosso',French Restaurant,51.90750390695237,4.495370602366893,3016,3016 BE,French Restaurant,538,398
Feijenoord/Noordereiland/Kop van Zuid,3071,Suite Hotel Pincoffs,51.9108888,4.4970735,3071,3071 JX,Restaurant Fred,French Restaurant,51.917093068649976,4.518104388132909,3063,3063 AM,French Restaurant,2961,2265
Feijenoord/Noordereiland/Kop van Zuid,3071,Suite Hotel Pincoffs,51.9108888,4.4970735,3071,3071 JX,"Excelsior Rotterdam, combinatie van showbands",Music Venue,51.918157139144384,4.520095693160272,3062,3062 NX,Music Venue,3179,2423
Feijenoord/Noordereiland/Kop van Zuid,3071,Suite Hotel Pincoffs,51.9108888,4.4970735,3071,3071 JX,Daydream,Music Venue,51.9077628,4.4919598,3072,3072 AP,Music Venue,547,412
Feijenoord/Noordereiland/Kop van Zuid,3071,Suite Hotel Pincoffs,51.9108888,4.4970735,3071,3071 JX,studio Sjoerd Jonkman,Performing Arts Venue,51.92175,4.513485,3062,3062 tl,Performing Arts Venue,2863,2180
Feijenoord/Noordereiland/Kop van Zuid,3071,Suite Hotel Pincoffs,51.9108888,4.4970735,3071,3071 JX,Restaurant de Watertoren,French Restaurant,51.91299834110731,4.520230293273926,3063,3063 HA,French Restaurant,3454,2588
Afrikaanderwijk/Katendrecht,3072,Hotel New York,51.904033146983984,4.484401345252991,3072,3072 AD,Bistrot Du Bac,French Restaurant,51.9014761233719,4.4844987996697485,3072,3072 ZP,French Restaurant,449,330
Afrikaanderwijk/Katendrecht,3072,Hotel New York,51.904033146983984,4.484401345252991,3072,3072 AD,Dutch Pinball Museum,Museum,51.90238407455559,4.483581413922975,3072,3072 AN,Museum,390,276
Afrikaanderwijk/Katendrecht,3072,Hotel New York,51.904033146983984,4.484401345252991,3072,3072 AD,Restaurant De Matroos en het Meisje,French Restaurant,51.90114,4.48479,3072,3072 ZL,French Restaurant,500,369
Afrikaanderwijk/Katendrecht,3072,Hotel New York,51.904033146983984,4.484401345252991,3072,3072 AD,POSSE,Bistro,51.901775,4.48551,3072,3072 AN,Bistro,323,234
Afrikaanderwijk/Katendrecht,3072,Hotel New York,51.904033146983984,4.484401345252991,3072,3072 AD,Kantine Walhalla,Theater,51.90185123252282,4.486168149320923,3072,3072 AN,Theater,278,199
Afrikaanderwijk/Katendrecht,3072,Hotel New York,51.904033146983984,4.484401345252991,3072,3072 AD,Verhalenhuis Belvédère,Performing Arts Venue,51.901254,4.481867,3072,3072 LB,Performing Arts Venue,589,438
Afrikaanderwijk/Katendrecht,3072,Hotel New York,51.904033146983984,4.484401345252991,3072,3072 AD,Rotterdams Wijktheater op Katendrecht,Theater,51.900632,4.483507,3072,3072 LS,Theater,608,451
Afrikaanderwijk/Katendrecht,3072,Hotel New York,51.904033146983984,4.484401345252991,3072,3072 AD,De Player IV,Music Venue,51.900536,4.484039,3072,3072 LV,Music Venue,631,466
Afrikaanderwijk/Katendrecht,3072,Hotel New York,51.904033146983984,4.484401345252991,3072,3072 AD,By Ami Urban Bistro,Bistro,51.905755,4.489431,3072,3072 ME,Bistro,439,313
Afrikaanderwijk/Katendrecht,3072,Hotel New York,51.904033146983984,4.484401345252991,3072,3072 AD,LantarenVenster,Movie Theater,51.90489883396685,4.487035211366009,3072,3072 MD,Movie Theater,202,143
Afrikaanderwijk/Katendrecht,3072,Hotel New York,51.904033146983984,4.484401345252991,3072,3072 AD,Louise Petit Restaurant,French Restaurant,51.906903,4.478024,3016,3016 CJ,French Restaurant,1909,1469
Afrikaanderwijk/Katendrecht,3072,Hotel New York,51.904033146983984,4.484401345252991,3072,3072 AD,Café Restaurant Nul 10,French Restaurant,51.90914123181062,4.479904022729739,3016,3016 DG,French Restaurant,1559,1219
Afrikaanderwijk/Katendrecht,3072,Hotel New York,51.904033146983984,4.484401345252991,3072,3072 AD,Vers 010,Bistro,51.90684722550305,4.490281400820702,3072,3072 MA,Bistro,527,397
Afrikaanderwijk/Katendrecht,3072,Hotel New York,51.904033146983984,4.484401345252991,3072,3072 AD,Maassilo,Music Venue,51.8980514,4.4949935,3081,3081 AE,Music Venue,1569,1175
Afrikaanderwijk/Katendrecht,3072,Hotel New York,51.904033146983984,4.484401345252991,3072,3072 AD,Aerospace Bosman Loodsen,Theater,51.896226,4.487761,3081,3081 AE,Theater,2122,1571
Afrikaanderwijk/Katendrecht,3072,Hotel New York,51.904033146983984,4.484401345252991,3072,3072 AD,Nieuwe Luxor Theater,Theater,51.90673712416364,4.4910478591918945,3072,3072 AG,Theater,594,433
Afrikaanderwijk/Katendrecht,3072,Hotel New York,51.904033146983984,4.484401345252991,3072,3072 AD,Roffa Streetfoodbar,Bistro,51.91046664798373,4.478026464862741,3016,3016 AE,Bistro,1749,1334
Afrikaanderwijk/Katendrecht,3072,Hotel New York,51.904033146983984,4.484401345252991,3072,3072 AD,Huson,French Restaurant,51.910903789254796,4.478037494768947,3011,3011 BS,French Restaurant,1793,1335
Afrikaanderwijk/Katendrecht,3072,Hotel New York,51.904033146983984,4.484401345252991,3072,3072 AD,Belasting & Douane Museum,Museum,51.907699,4.476655,3016,3016 BB,Museum,1835,1419
Afrikaanderwijk/Katendrecht,3072,Hotel New York,51.904033146983984,4.484401345252991,3072,3072 AD,Grandcafé Restaurant Biblio,French Restaurant,51.90959758420582,4.477000538774713,3016,3016 BE,French Restaurant,1909,1470
Afrikaanderwijk/Katendrecht,3072,Hotel New York,51.904033146983984,4.484401345252991,3072,3072 AD,Parkheuvel,French Restaurant,51.903798,4.471645,3016,3016 GL,French Restaurant,2534,1931
Afrikaanderwijk/Katendrecht,3072,room 131,51.904096,4.484583,3072,3072 AD,Bistrot Du Bac,French Restaurant,51.9014761233719,4.4844987996697485,3072,3072 ZP,French Restaurant,431,315
Afrikaanderwijk/Katendrecht,3072,room 131,51.904096,4.484583,3072,3072 AD,Dutch Pinball Museum,Museum,51.90238407455559,4.483581413922975,3072,3072 AN,Museum,371,261
Afrikaanderwijk/Katendrecht,3072,room 131,51.904096,4.484583,3072,3072 AD,Restaurant De Matroos en het Meisje,French Restaurant,51.90114,4.48479,3072,3072 ZL,French Restaurant,481,354
Afrikaanderwijk/Katendrecht,3072,room 131,51.904096,4.484583,3072,3072 AD,POSSE,Bistro,51.901775,4.48551,3072,3072 AN,Bistro,304,219
Afrikaanderwijk/Katendrecht,3072,room 131,51.904096,4.484583,3072,3072 AD,Kantine Walhalla,Theater,51.90185123252282,4.486168149320923,3072,3072 AN,Theater,259,185
Afrikaanderwijk/Katendrecht,3072,room 131,51.904096,4.484583,3072,3072 AD,Verhalenhuis Belvédère,Performing Arts Venue,51.901254,4.481867,3072,3072 LB,Performing Arts Venue,570,423
Afrikaanderwijk/Katendrecht,3072,room 131,51.904096,4.484583,3072,3072 AD,Rotterdams Wijktheater op Katendrecht,Theater,51.900632,4.483507,3072,3072 LS,Theater,590,436
Afrikaanderwijk/Katendrecht,3072,room 131,51.904096,4.484583,3072,3072 AD,De Player IV,Music Venue,51.900536,4.484039,3072,3072 LV,Music Venue,612,452
Afrikaanderwijk/Katendrecht,3072,room 131,51.904096,4.484583,3072,3072 AD,By Ami Urban Bistro,Bistro,51.905755,4.489431,3072,3072 ME,Bistro,421,299
Afrikaanderwijk/Katendrecht,3072,room 131,51.904096,4.484583,3072,3072 AD,LantarenVenster,Movie Theater,51.90489883396685,4.487035211366009,3072,3072 MD,Movie Theater,183,128
Afrikaanderwijk/Katendrecht,3072,room 131,51.904096,4.484583,3072,3072 AD,Louise Petit Restaurant,French Restaurant,51.906903,4.478024,3016,3016 CJ,French Restaurant,1890,1454
Afrikaanderwijk/Katendrecht,3072,room 131,51.904096,4.484583,3072,3072 AD,Café Restaurant Nul 10,French Restaurant,51.90914123181062,4.479904022729739,3016,3016 DG,French Restaurant,1541,1204
Afrikaanderwijk/Katendrecht,3072,room 131,51.904096,4.484583,3072,3072 AD,Vers 010,Bistro,51.90684722550305,4.490281400820702,3072,3072 MA,Bistro,508,382
Afrikaanderwijk/Katendrecht,3072,room 131,51.904096,4.484583,3072,3072 AD,Maassilo,Music Venue,51.8980514,4.4949935,3081,3081 AE,Music Venue,1550,1160
Afrikaanderwijk/Katendrecht,3072,room 131,51.904096,4.484583,3072,3072 AD,Aerospace Bosman Loodsen,Theater,51.896226,4.487761,3081,3081 AE,Theater,2104,1556
Afrikaanderwijk/Katendrecht,3072,room 131,51.904096,4.484583,3072,3072 AD,Nieuwe Luxor Theater,Theater,51.90673712416364,4.4910478591918945,3072,3072 AG,Theater,575,418
Afrikaanderwijk/Katendrecht,3072,room 131,51.904096,4.484583,3072,3072 AD,Roffa Streetfoodbar,Bistro,51.91046664798373,4.478026464862741,3016,3016 AE,Bistro,1731,1320
Afrikaanderwijk/Katendrecht,3072,room 131,51.904096,4.484583,3072,3072 AD,Huson,French Restaurant,51.910903789254796,4.478037494768947,3011,3011 BS,French Restaurant,1774,1320
Afrikaanderwijk/Katendrecht,3072,room 131,51.904096,4.484583,3072,3072 AD,Belasting & Douane Museum,Museum,51.907699,4.476655,3016,3016 BB,Museum,1816,1404
Afrikaanderwijk/Katendrecht,3072,room 131,51.904096,4.484583,3072,3072 AD,Grandcafé Restaurant Biblio,French Restaurant,51.90959758420582,4.477000538774713,3016,3016 BE,French Restaurant,1891,1455
Afrikaanderwijk/Katendrecht,3072,room 131,51.904096,4.484583,3072,3072 AD,Parkheuvel,French Restaurant,51.903798,4.471645,3016,3016 GL,French Restaurant,2515,1916
Afrikaanderwijk/Katendrecht,3072,Room Mate Bruno,51.90625846492094,4.4885767616864305,3072,3072 AR,Bistrot Du Bac,French Restaurant,51.9014761233719,4.4844987996697485,3072,3072 ZP,French Restaurant,859,631
Afrikaanderwijk/Katendrecht,3072,Room Mate Bruno,51.90625846492094,4.4885767616864305,3072,3072 AR,Dutch Pinball Museum,Museum,51.90238407455559,4.483581413922975,3072,3072 AN,Museum,800,577
Afrikaanderwijk/Katendrecht,3072,Room Mate Bruno,51.90625846492094,4.4885767616864305,3072,3072 AR,Restaurant De Matroos en het Meisje,French Restaurant,51.90114,4.48479,3072,3072 ZL,French Restaurant,910,670
Afrikaanderwijk/Katendrecht,3072,Room Mate Bruno,51.90625846492094,4.4885767616864305,3072,3072 AR,POSSE,Bistro,51.901775,4.48551,3072,3072 AN,Bistro,733,535
Afrikaanderwijk/Katendrecht,3072,Room Mate Bruno,51.90625846492094,4.4885767616864305,3072,3072 AR,Kantine Walhalla,Theater,51.90185123252282,4.486168149320923,3072,3072 AN,Theater,688,500
Afrikaanderwijk/Katendrecht,3072,Room Mate Bruno,51.90625846492094,4.4885767616864305,3072,3072 AR,Verhalenhuis Belvédère,Performing Arts Venue,51.901254,4.481867,3072,3072 LB,Performing Arts Venue,999,739
Afrikaanderwijk/Katendrecht,3072,Room Mate Bruno,51.90625846492094,4.4885767616864305,3072,3072 AR,Rotterdams Wijktheater op Katendrecht,Theater,51.900632,4.483507,3072,3072 LS,Theater,1018,752
Afrikaanderwijk/Katendrecht,3072,Room Mate Bruno,51.90625846492094,4.4885767616864305,3072,3072 AR,De Player IV,Music Venue,51.900536,4.484039,3072,3072 LV,Music Venue,1041,767
Afrikaanderwijk/Katendrecht,3072,Room Mate Bruno,51.90625846492094,4.4885767616864305,3072,3072 AR,By Ami Urban Bistro,Bistro,51.905755,4.489431,3072,3072 ME,Bistro,316,226
Afrikaanderwijk/Katendrecht,3072,Room Mate Bruno,51.90625846492094,4.4885767616864305,3072,3072 AR,LantarenVenster,Movie Theater,51.90489883396685,4.487035211366009,3072,3072 MD,Movie Theater,245,168
Afrikaanderwijk/Katendrecht,3072,Room Mate Bruno,51.90625846492094,4.4885767616864305,3072,3072 AR,Louise Petit Restaurant,French Restaurant,51.906903,4.478024,3016,3016 CJ,French Restaurant,1470,1139
Afrikaanderwijk/Katendrecht,3072,Room Mate Bruno,51.90625846492094,4.4885767616864305,3072,3072 AR,Café Restaurant Nul 10,French Restaurant,51.90914123181062,4.479904022729739,3016,3016 DG,French Restaurant,1121,889
Afrikaanderwijk/Katendrecht,3072,Room Mate Bruno,51.90625846492094,4.4885767616864305,3072,3072 AR,Vers 010,Bistro,51.90684722550305,4.490281400820702,3072,3072 MA,Bistro,173,133
Afrikaanderwijk/Katendrecht,3072,Room Mate Bruno,51.90625846492094,4.4885767616864305,3072,3072 AR,Maassilo,Music Venue,51.8980514,4.4949935,3081,3081 AE,Music Venue,1535,1147
Afrikaanderwijk/Katendrecht,3072,Room Mate Bruno,51.90625846492094,4.4885767616864305,3072,3072 AR,Aerospace Bosman Loodsen,Theater,51.896226,4.487761,3081,3081 AE,Theater,2089,1543
Afrikaanderwijk/Katendrecht,3072,Room Mate Bruno,51.90625846492094,4.4885767616864305,3072,3072 AR,Nieuwe Luxor Theater,Theater,51.90673712416364,4.4910478591918945,3072,3072 AG,Theater,245,182
Afrikaanderwijk/Katendrecht,3072,Room Mate Bruno,51.90625846492094,4.4885767616864305,3072,3072 AR,Roffa Streetfoodbar,Bistro,51.91046664798373,4.478026464862741,3016,3016 AE,Bistro,1310,1004
Afrikaanderwijk/Katendrecht,3072,Room Mate Bruno,51.90625846492094,4.4885767616864305,3072,3072 AR,Huson,French Restaurant,51.910903789254796,4.478037494768947,3011,3011 BS,French Restaurant,1354,1005
Afrikaanderwijk/Katendrecht,3072,Room Mate Bruno,51.90625846492094,4.4885767616864305,3072,3072 AR,Belasting & Douane Museum,Museum,51.907699,4.476655,3016,3016 BB,Museum,1396,1089
Afrikaanderwijk/Katendrecht,3072,Room Mate Bruno,51.90625846492094,4.4885767616864305,3072,3072 AR,Grandcafé Restaurant Biblio,French Restaurant,51.90959758420582,4.477000538774713,3016,3016 BE,French Restaurant,1470,1140
Afrikaanderwijk/Katendrecht,3072,Room Mate Bruno,51.90625846492094,4.4885767616864305,3072,3072 AR,Parkheuvel,French Restaurant,51.903798,4.471645,3016,3016 GL,French Restaurant,2095,1601
Afrikaanderwijk/Katendrecht,3072,ss Rotterdam,51.8978816723738,4.473525764216176,3072,3072 AM,Bistrot Du Bac,French Restaurant,51.9014761233719,4.4844987996697485,3072,3072 ZP,French Restaurant,1073,792
Afrikaanderwijk/Katendrecht,3072,ss Rotterdam,51.8978816723738,4.473525764216176,3072,3072 AM,Dutch Pinball Museum,Museum,51.90238407455559,4.483581413922975,3072,3072 AN,Museum,1391,1015
Afrikaanderwijk/Katendrecht,3072,ss Rotterdam,51.8978816723738,4.473525764216176,3072,3072 AM,Restaurant De Matroos en het Meisje,French Restaurant,51.90114,4.48479,3072,3072 ZL,French Restaurant,1061,785
Afrikaanderwijk/Katendrecht,3072,ss Rotterdam,51.8978816723738,4.473525764216176,3072,3072 AM,POSSE,Bistro,51.901775,4.48551,3072,3072 AN,Bistro,1138,837
Afrikaanderwijk/Katendrecht,3072,ss Rotterdam,51.8978816723738,4.473525764216176,3072,3072 AM,Kantine Walhalla,Theater,51.90185123252282,4.486168149320923,3072,3072 AN,Theater,1182,870
Afrikaanderwijk/Katendrecht,3072,ss Rotterdam,51.8978816723738,4.473525764216176,3072,3072 AM,Verhalenhuis Belvédère,Performing Arts Venue,51.901254,4.481867,3072,3072 LB,Performing Arts Venue,871,650
Afrikaanderwijk/Katendrecht,3072,ss Rotterdam,51.8978816723738,4.473525764216176,3072,3072 AM,Rotterdams Wijktheater op Katendrecht,Theater,51.900632,4.483507,3072,3072 LS,Theater,913,681
Afrikaanderwijk/Katendrecht,3072,ss Rotterdam,51.8978816723738,4.473525764216176,3072,3072 AM,De Player IV,Music Venue,51.900536,4.484039,3072,3072 LV,Music Venue,891,663
Afrikaanderwijk/Katendrecht,3072,ss Rotterdam,51.8978816723738,4.473525764216176,3072,3072 AM,By Ami Urban Bistro,Bistro,51.905755,4.489431,3072,3072 ME,Bistro,1764,1289
Afrikaanderwijk/Katendrecht,3072,ss Rotterdam,51.8978816723738,4.473525764216176,3072,3072 AM,LantarenVenster,Movie Theater,51.90489883396685,4.487035211366009,3072,3072 MD,Movie Theater,1623,1188
Afrikaanderwijk/Katendrecht,3072,ss Rotterdam,51.8978816723738,4.473525764216176,3072,3072 AM,Louise Petit Restaurant,French Restaurant,51.906903,4.478024,3016,3016 CJ,French Restaurant,2477,1562
Afrikaanderwijk/Katendrecht,3072,ss Rotterdam,51.8978816723738,4.473525764216176,3072,3072 AM,Café Restaurant Nul 10,French Restaurant,51.90914123181062,4.479904022729739,3016,3016 DG,French Restaurant,2127,1312
Afrikaanderwijk/Katendrecht,3072,ss Rotterdam,51.8978816723738,4.473525764216176,3072,3072 AM,Vers 010,Bistro,51.90684722550305,4.490281400820702,3072,3072 MA,Bistro,1948,1442
Afrikaanderwijk/Katendrecht,3072,ss Rotterdam,51.8978816723738,4.473525764216176,3072,3072 AM,Maassilo,Music Venue,51.8980514,4.4949935,3081,3081 AE,Music Venue,2080,1524
Afrikaanderwijk/Katendrecht,3072,ss Rotterdam,51.8978816723738,4.473525764216176,3072,3072 AM,Aerospace Bosman Loodsen,Theater,51.896226,4.487761,3081,3081 AE,Theater,2633,1920
Afrikaanderwijk/Katendrecht,3072,ss Rotterdam,51.8978816723738,4.473525764216176,3072,3072 AM,Nieuwe Luxor Theater,Theater,51.90673712416364,4.4910478591918945,3072,3072 AG,Theater,1918,1408
Afrikaanderwijk/Katendrecht,3072,ss Rotterdam,51.8978816723738,4.473525764216176,3072,3072 AM,Roffa Streetfoodbar,Bistro,51.91046664798373,4.478026464862741,3016,3016 AE,Bistro,3171,2379
Afrikaanderwijk/Katendrecht,3072,ss Rotterdam,51.8978816723738,4.473525764216176,3072,3072 AM,Huson,French Restaurant,51.910903789254796,4.478037494768947,3011,3011 BS,French Restaurant,3214,2380
Afrikaanderwijk/Katendrecht,3072,ss Rotterdam,51.8978816723738,4.473525764216176,3072,3072 AM,Belasting & Douane Museum,Museum,51.907699,4.476655,3016,3016 BB,Museum,2402,1512
Afrikaanderwijk/Katendrecht,3072,ss Rotterdam,51.8978816723738,4.473525764216176,3072,3072 AM,Grandcafé Restaurant Biblio,French Restaurant,51.90959758420582,4.477000538774713,3016,3016 BE,French Restaurant,2477,1563
Afrikaanderwijk/Katendrecht,3072,ss Rotterdam,51.8978816723738,4.473525764216176,3072,3072 AM,Parkheuvel,French Restaurant,51.903798,4.471645,3016,3016 GL,French Restaurant,3102,2024
Afrikaanderwijk/Katendrecht,3072,nhow,51.90710686467184,4.488491585172602,3072,3072 AP,Bistrot Du Bac,French Restaurant,51.9014761233719,4.4844987996697485,3072,3072 ZP,French Restaurant,969,714
Afrikaanderwijk/Katendrecht,3072,nhow,51.90710686467184,4.488491585172602,3072,3072 AP,Dutch Pinball Museum,Museum,51.90238407455559,4.483581413922975,3072,3072 AN,Museum,909,659
Afrikaanderwijk/Katendrecht,3072,nhow,51.90710686467184,4.488491585172602,3072,3072 AP,Restaurant De Matroos en het Meisje,French Restaurant,51.90114,4.48479,3072,3072 ZL,French Restaurant,1019,753
Afrikaanderwijk/Katendrecht,3072,nhow,51.90710686467184,4.488491585172602,3072,3072 AP,POSSE,Bistro,51.901775,4.48551,3072,3072 AN,Bistro,842,618
Afrikaanderwijk/Katendrecht,3072,nhow,51.90710686467184,4.488491585172602,3072,3072 AP,Kantine Walhalla,Theater,51.90185123252282,4.486168149320923,3072,3072 AN,Theater,797,583
Afrikaanderwijk/Katendrecht,3072,nhow,51.90710686467184,4.488491585172602,3072,3072 AP,Verhalenhuis Belvédère,Performing Arts Venue,51.901254,4.481867,3072,3072 LB,Performing Arts Venue,1108,822
Afrikaanderwijk/Katendrecht,3072,nhow,51.90710686467184,4.488491585172602,3072,3072 AP,Rotterdams Wijktheater op Katendrecht,Theater,51.900632,4.483507,3072,3072 LS,Theater,1128,835
Afrikaanderwijk/Katendrecht,3072,nhow,51.90710686467184,4.488491585172602,3072,3072 AP,De Player IV,Music Venue,51.900536,4.484039,3072,3072 LV,Music Venue,1150,850
Afrikaanderwijk/Katendrecht,3072,nhow,51.90710686467184,4.488491585172602,3072,3072 AP,By Ami Urban Bistro,Bistro,51.905755,4.489431,3072,3072 ME,Bistro,397,288
Afrikaanderwijk/Katendrecht,3072,nhow,51.90710686467184,4.488491585172602,3072,3072 AP,LantarenVenster,Movie Theater,51.90489883396685,4.487035211366009,3072,3072 MD,Movie Theater,364,258
Afrikaanderwijk/Katendrecht,3072,nhow,51.90710686467184,4.488491585172602,3072,3072 AP,Louise Petit Restaurant,French Restaurant,51.906903,4.478024,3016,3016 CJ,French Restaurant,1461,1133
Afrikaanderwijk/Katendrecht,3072,nhow,51.90710686467184,4.488491585172602,3072,3072 AP,Café Restaurant Nul 10,French Restaurant,51.90914123181062,4.479904022729739,3016,3016 DG,French Restaurant,1112,883
Afrikaanderwijk/Katendrecht,3072,nhow,51.90710686467184,4.488491585172602,3072,3072 AP,Vers 010,Bistro,51.90684722550305,4.490281400820702,3072,3072 MA,Bistro,201,157
Afrikaanderwijk/Katendrecht,3072,nhow,51.90710686467184,4.488491585172602,3072,3072 AP,Maassilo,Music Venue,51.8980514,4.4949935,3081,3081 AE,Music Venue,1527,1141
Afrikaanderwijk/Katendrecht,3072,nhow,51.90710686467184,4.488491585172602,3072,3072 AP,Aerospace Bosman Loodsen,Theater,51.896226,4.487761,3081,3081 AE,Theater,2080,1537
Afrikaanderwijk/Katendrecht,3072,nhow,51.90710686467184,4.488491585172602,3072,3072 AP,Nieuwe Luxor Theater,Theater,51.90673712416364,4.4910478591918945,3072,3072 AG,Theater,326,243
Afrikaanderwijk/Katendrecht,3072,nhow,51.90710686467184,4.488491585172602,3072,3072 AP,Roffa Streetfoodbar,Bistro,51.91046664798373,4.478026464862741,3016,3016 AE,Bistro,1302,999
Afrikaanderwijk/Katendrecht,3072,nhow,51.90710686467184,4.488491585172602,3072,3072 AP,Huson,French Restaurant,51.910903789254796,4.478037494768947,3011,3011 BS,French Restaurant,1345,999
Afrikaanderwijk/Katendrecht,3072,nhow,51.90710686467184,4.488491585172602,3072,3072 AP,Belasting & Douane Museum,Museum,51.907699,4.476655,3016,3016 BB,Museum,1387,1083
Afrikaanderwijk/Katendrecht,3072,nhow,51.90710686467184,4.488491585172602,3072,3072 AP,Grandcafé Restaurant Biblio,French Restaurant,51.90959758420582,4.477000538774713,3016,3016 BE,French Restaurant,1461,1134
Afrikaanderwijk/Katendrecht,3072,nhow,51.90710686467184,4.488491585172602,3072,3072 AP,Parkheuvel,French Restaurant,51.903798,4.471645,3016,3016 GL,French Restaurant,2086,1595
