Neighbourhood,Neighbourhood Postal Code,Neighbourhood Latitude,Neighbourhood Longitude,Venue,Venue Latitude,Venue Longitude,Venue Distance,Venue Postal Code,Venue formattedAddress,Venue Category,Venue Postal Code Prefix
Stadsdriehoek/Rotterdam Centrum,3011,51.91765820000001,4.4868516,H2otel,51.9173925337387,4.487061131594537,32,3011 WR,"['Wijnhaven 20a', '3011 WR Rotterdam', 'Nederland']",Hotel,3011
Stadsdriehoek/Rotterdam Centrum,3011,51.91765820000001,4.4868516,ibis Rotterdam City Centre,51.91734678762638,4.488300942895886,105,3011 WP,"['Wijnhaven 12', '3011 WP Rotterdam', 'Nederland']",Hotel,3011
Stadsdriehoek/Rotterdam Centrum,3011,51.91765820000001,4.4868516,citizenM,51.91925901197693,4.490480849856352,306,3011 WZ,"['Gelderseplein 50', '3011 WZ Rotterdam', 'Nederland']",Hotel,3011
Stadsdriehoek/Rotterdam Centrum,3011,51.91765820000001,4.4868516,Bilderberg Parkhotel Rotterdam,51.915927997681884,4.473517188129288,935,3015 LB,"['Westersingel 70', '3015 LB Rotterdam', 'Nederland']",Hotel,3015
Stadsdriehoek/Rotterdam Centrum,3011,51.91765820000001,4.4868516,The James,51.92107428957907,4.477825682849285,727,3012 CA,"['Aert van Nesstraat 25', '3012 CA Rotterdam', 'Nederland']",Hotel,3012
Stadsdriehoek/Rotterdam Centrum,3011,51.91765820000001,4.4868516,Holiday Inn Express Rotterdam - Central Station,51.92441487211056,4.475928246974945,1062,3013 CK,"['Weena 121', '3013 CK Rotterdam', 'Nederland']",Hotel,3013
Stadsdriehoek/Rotterdam Centrum,3011,51.91765820000001,4.4868516,nhow,51.90710686467184,4.488491585172602,1179,3072 AP,"['Wilhelminapier 137', '3072 AP Rotterdam', 'Nederland']",Hotel,3072
Stadsdriehoek/Rotterdam Centrum,3011,51.91765820000001,4.4868516,Mainport Hotel,51.913362,4.482475,564,3011 EA,"['Leuvehaven 77', '3011 EA Rotterdam', 'Nederland']",Hotel,3011
Stadsdriehoek/Rotterdam Centrum,3011,51.91765820000001,4.4868516,Grand Hotel Central,51.92305111571185,4.476566478788637,926,3012 EH,"['Kruiskade 12 (Coolsingel)', '3012 EH Rotterdam', 'Nederland']",Hotel,3012
Stadsdriehoek/Rotterdam Centrum,3011,51.91765820000001,4.4868516,Inntel Hotels Rotterdam Centre,51.912675096990135,4.482800355680386,620,3011 EA,"['Leuvehaven 80', '3011 EA Rotterdam', 'Nederland']",Hotel,3011
Stadsdriehoek/Rotterdam Centrum,3011,51.91765820000001,4.4868516,Annabel,51.92540257556953,4.475941780747949,1142,3013 AH,"['Schiestraat 20', '3013 AH Rotterdam', 'Nederland']",Music Venue,3013
Stadsdriehoek/Rotterdam Centrum,3011,51.91765820000001,4.4868516,Old Dutch,51.91577576266155,4.4712633464381435,1090,3015EK,"['Rochussenstraat 20', '3015EK Rotterdam', 'Nederland']",French Restaurant,3015
Stadsdriehoek/Rotterdam Centrum,3011,51.91765820000001,4.4868516,Rotterdam Marriott Hotel,51.92241389415069,4.471624195521144,1171,3012 CN,"['Weena 686', '3012 CN Rotterdam', 'Nederland']",Hotel,3012
Stadsdriehoek/Rotterdam Centrum,3011,51.91765820000001,4.4868516,Kijk-Kubus Museum,51.920324337784194,4.490140632039386,372,3011 MH,"['Overblaak 70', '3011 MH Rotterdam', 'Nederland']",Museum,3011
Stadsdriehoek/Rotterdam Centrum,3011,51.91765820000001,4.4868516,Hartig,51.91648381018933,4.478033367653975,619,3012 VA,"['Hartmanstraat 20a', '3012 VA Rotterdam', 'Nederland']",Bistro,3012
Stadsdriehoek/Rotterdam Centrum,3011,51.91765820000001,4.4868516,Hotel NH Atlanta Rotterdam,51.92120700894419,4.478558387971228,693,3012 CA,"['Aert van Nesstraat 4', '3012 CA Rotterdam', 'Nederland']",Hotel,3012
Stadsdriehoek/Rotterdam Centrum,3011,51.91765820000001,4.4868516,Hilton Rotterdam,51.92348087523358,4.477438266531781,915,3012 CM,"['Weena 10', '3012 CM Rotterdam', 'Nederland']",Hotel,3012
Stadsdriehoek/Rotterdam Centrum,3011,51.91765820000001,4.4868516,Hampshire Hotel - Savoy Rotterdam,51.922328594807134,4.491913117391668,625,3011 PJ,"['Hoogstraat 81', '3011 PJ Rotterdam', 'Nederland']",Hotel,3011
Stadsdriehoek/Rotterdam Centrum,3011,51.91765820000001,4.4868516,Rodin,51.916298743121025,4.48117441259471,418,3011 ES,"['Schilderstraat 20a', '3011 ES Rotterdam', 'Nederland']",French Restaurant,3011
Stadsdriehoek/Rotterdam Centrum,3011,51.91765820000001,4.4868516,Oude Luxor Theater,51.923231265710996,4.477055605176264,914,3012 EH,"['Kruiskade 10', '3012 EH Rotterdam', 'Nederland']",Theater,3012
Stadsdriehoek/Rotterdam Centrum,3011,51.91765820000001,4.4868516,Hotel-Restaurant Bazar,51.915845,4.478786,589,3012 BP,"['Witte de Withstraat 16', '3012 BP Rotterdam', 'Nederland']",Hotel,3012
Stadsdriehoek/Rotterdam Centrum,3011,51.91765820000001,4.4868516,Huson,51.910903789254796,4.478037494768947,965,3011 BS,"['scheepstimmermanslaan 14 (oostzeedijk)', 'Rotterdam', 'Nederland']",French Restaurant,3011
Stadsdriehoek/Rotterdam Centrum,3011,51.91765820000001,4.4868516,De Harmonie,51.91388895002316,4.47488693820459,922,1017 JL,"['Prinsengracht 816', '1017 JL Rotterdam', 'Nederland']",Hotel,1017
Stadsdriehoek/Rotterdam Centrum,3011,51.91765820000001,4.4868516,The Manhattan Brasserie & Bar,51.92255556228822,4.471417357124218,1191,3012 CN,"['Weena 686', '3012 CN Rotterdam', 'Nederland']",French Restaurant,3012
Stadsdriehoek/Rotterdam Centrum,3011,51.91765820000001,4.4868516,Pierre,51.923736502327,4.487523268189586,678,3011LH,"['Pannekoekstraat 38A (Meent)', '3011LH Rotterdam', 'Nederland']",French Restaurant,3011
Stadsdriehoek/Rotterdam Centrum,3011,51.91765820000001,4.4868516,Natuurhistorisch Museum Rotterdam,51.91079,4.47255,1244,3015 AA,"['Westzeedijk 345', '3015 AA Rotterdam', 'Nederland']",Museum,3015
Stadsdriehoek/Rotterdam Centrum,3011,51.91765820000001,4.4868516,Rotterdamse Schouwburg,51.9205330131339,4.474169612057505,927,3012 CL,"['Schouwburgplein 25', '3012 CL Rotterdam', 'Nederland']",Theater,3012
Stadsdriehoek/Rotterdam Centrum,3011,51.91765820000001,4.4868516,Het Nieuwe Instituut,51.91461204938058,4.470966544496404,1142,3015 CB,"['Museumpark 25', '3015 CB Rotterdam', 'Nederland']",Museum,3015
Cool/Rotterdam Centrum,3012,51.9194046,4.4757692,Rotterdamse Schouwburg,51.9205330131339,4.474169612057505,166,3012 CL,"['Schouwburgplein 25', '3012 CL Rotterdam', 'Nederland']",Theater,3012
Cool/Rotterdam Centrum,3012,51.9194046,4.4757692,The James,51.92107428957907,4.477825682849285,233,3012 CA,"['Aert van Nesstraat 25', '3012 CA Rotterdam', 'Nederland']",Hotel,3012
Cool/Rotterdam Centrum,3012,51.9194046,4.4757692,Bilderberg Parkhotel Rotterdam,51.915927997681884,4.473517188129288,416,3015 LB,"['Westersingel 70', '3015 LB Rotterdam', 'Nederland']",Hotel,3015
Cool/Rotterdam Centrum,3012,51.9194046,4.4757692,Grand Hotel Central,51.92305111571185,4.476566478788637,409,3012 EH,"['Kruiskade 12 (Coolsingel)', '3012 EH Rotterdam', 'Nederland']",Hotel,3012
Cool/Rotterdam Centrum,3012,51.9194046,4.4757692,Hotel NH Atlanta Rotterdam,51.92120700894419,4.478558387971228,277,3012 CA,"['Aert van Nesstraat 4', '3012 CA Rotterdam', 'Nederland']",Hotel,3012
Cool/Rotterdam Centrum,3012,51.9194046,4.4757692,Days Inn,51.92830792825404,4.473928981412871,999,3032 AL,"['Schiekade 730', '3032 AL Rotterdam', 'Nederland']",Hotel,3032
Cool/Rotterdam Centrum,3012,51.9194046,4.4757692,Holiday Inn Express Rotterdam - Central Station,51.92441487211056,4.475928246974945,557,3013 CK,"['Weena 121', '3013 CK Rotterdam', 'Nederland']",Hotel,3013
Cool/Rotterdam Centrum,3012,51.9194046,4.4757692,Rotterdam Marriott Hotel,51.92241389415069,4.471624195521144,439,3012 CN,"['Weena 686', '3012 CN Rotterdam', 'Nederland']",Hotel,3012
Cool/Rotterdam Centrum,3012,51.9194046,4.4757692,Hotel Breitner,51.91566989757951,4.469307301445345,608,3015 XA,"['Breitnerstraat', 'Rotterdam', 'Nederland']",Hotel,3015
Cool/Rotterdam Centrum,3012,51.9194046,4.4757692,Hartig,51.91648381018933,4.478033367653975,360,3012 VA,"['Hartmanstraat 20a', '3012 VA Rotterdam', 'Nederland']",Bistro,3012
Cool/Rotterdam Centrum,3012,51.9194046,4.4757692,Old Dutch,51.91577576266155,4.4712633464381435,508,3015EK,"['Rochussenstraat 20', '3015EK Rotterdam', 'Nederland']",French Restaurant,3015
Cool/Rotterdam Centrum,3012,51.9194046,4.4757692,Hilton Rotterdam,51.92348087523358,4.477438266531781,468,3012 CM,"['Weena 10', '3012 CM Rotterdam', 'Nederland']",Hotel,3012
Cool/Rotterdam Centrum,3012,51.9194046,4.4757692,H2otel,51.9173925337387,4.487061131594537,807,3011 WR,"['Wijnhaven 20a', '3011 WR Rotterdam', 'Nederland']",Hotel,3011
Cool/Rotterdam Centrum,3012,51.9194046,4.4757692,Mainport Hotel,51.913362,4.482475,815,3011 EA,"['Leuvehaven 77', '3011 EA Rotterdam', 'Nederland']",Hotel,3011
Cool/Rotterdam Centrum,3012,51.9194046,4.4757692,Oude Luxor Theater,51.923231265710996,4.477055605176264,435,3012 EH,"['Kruiskade 10', '3012 EH Rotterdam', 'Nederland']",Theater,3012
Cool/Rotterdam Centrum,3012,51.9194046,4.4757692,Inntel Hotels Rotterdam Centre,51.912675096990135,4.482800355680386,891,3011 EA,"['Leuvehaven 80', '3011 EA Rotterdam', 'Nederland']",Hotel,3011
Cool/Rotterdam Centrum,3012,51.9194046,4.4757692,Annabel,51.92540257556953,4.475941780747949,667,3013 AH,"['Schiestraat 20', '3013 AH Rotterdam', 'Nederland']",Music Venue,3013
Cool/Rotterdam Centrum,3012,51.9194046,4.4757692,KINO,51.91717560621591,4.469214206279973,513,3014 PM,"['Gouvernestraat 129-133', '3014 PM Rotterdam', 'Nederland']",Movie Theater,3014
Cool/Rotterdam Centrum,3012,51.9194046,4.4757692,ibis Rotterdam City Centre,51.91734678762638,4.488300942895886,890,3011 WP,"['Wijnhaven 12', '3011 WP Rotterdam', 'Nederland']",Hotel,3011
Cool/Rotterdam Centrum,3012,51.9194046,4.4757692,Hotel-Restaurant Bazar,51.915845,4.478786,447,3012 BP,"['Witte de Withstraat 16', '3012 BP Rotterdam', 'Nederland']",Hotel,3012
Cool/Rotterdam Centrum,3012,51.9194046,4.4757692,citizenM,51.91925901197693,4.490480849856352,1010,3011 WZ,"['Gelderseplein 50', '3011 WZ Rotterdam', 'Nederland']",Hotel,3011
Cool/Rotterdam Centrum,3012,51.9194046,4.4757692,Rodin,51.916298743121025,4.48117441259471,507,3011 ES,"['Schilderstraat 20a', '3011 ES Rotterdam', 'Nederland']",French Restaurant,3011
Cool/Rotterdam Centrum,3012,51.9194046,4.4757692,Kijk-Kubus Museum,51.920324337784194,4.490140632039386,992,3011 MH,"['Overblaak 70', '3011 MH Rotterdam', 'Nederland']",Museum,3011
Cool/Rotterdam Centrum,3012,51.9194046,4.4757692,The Manhattan Brasserie & Bar,51.92255556228822,4.471417357124218,460,3012 CN,"['Weena 686', '3012 CN Rotterdam', 'Nederland']",French Restaurant,3012
Cool/Rotterdam Centrum,3012,51.9194046,4.4757692,Pierre,51.923736502327,4.487523268189586,940,3011LH,"['Pannekoekstraat 38A (Meent)', '3011LH Rotterdam', 'Nederland']",French Restaurant,3011
Cool/Rotterdam Centrum,3012,51.9194046,4.4757692,Natuurhistorisch Museum Rotterdam,51.91079,4.47255,984,3015 AA,"['Westzeedijk 345', '3015 AA Rotterdam', 'Nederland']",Museum,3015
Cool/Rotterdam Centrum,3012,51.9194046,4.4757692,Miniworld Rotterdam,51.922658046060604,4.4647965835253425,835,3013 AL,"['Weena 745', '3013 AL Rotterdam', 'Nederland']",Museum,3013
Cool/Rotterdam Centrum,3012,51.9194046,4.4757692,Le Nord,51.927148849105734,4.4726759715782665,887,3033 CA,"['Proveniersstraat 33a', '3033 CA Rotterdam', 'Nederland']",French Restaurant,3033
Cool/Rotterdam Centrum,3012,51.9194046,4.4757692,Het Nieuwe Instituut,51.91461204938058,4.470966544496404,627,3015 CB,"['Museumpark 25', '3015 CB Rotterdam', 'Nederland']",Museum,3015
Rotterdam Centraal/Weena,3013,51.92428870000001,4.4692509000000005,Rotterdam Marriott Hotel,51.92241389415069,4.471624195521144,264,3012 CN,"['Weena 686', '3012 CN Rotterdam', 'Nederland']",Hotel,3012
Rotterdam Centraal/Weena,3013,51.92428870000001,4.4692509000000005,Days Inn,51.92830792825404,4.473928981412871,550,3032 AL,"['Schiekade 730', '3032 AL Rotterdam', 'Nederland']",Hotel,3032
Rotterdam Centraal/Weena,3013,51.92428870000001,4.4692509000000005,Holiday Inn Express Rotterdam - Central Station,51.92441487211056,4.475928246974945,458,3013 CK,"['Weena 121', '3013 CK Rotterdam', 'Nederland']",Hotel,3013
Rotterdam Centraal/Weena,3013,51.92428870000001,4.4692509000000005,Grand Hotel Central,51.92305111571185,4.476566478788637,520,3012 EH,"['Kruiskade 12 (Coolsingel)', '3012 EH Rotterdam', 'Nederland']",Hotel,3012
Rotterdam Centraal/Weena,3013,51.92428870000001,4.4692509000000005,Bilderberg Parkhotel Rotterdam,51.915927997681884,4.473517188129288,975,3015 LB,"['Westersingel 70', '3015 LB Rotterdam', 'Nederland']",Hotel,3015
Rotterdam Centraal/Weena,3013,51.92428870000001,4.4692509000000005,The James,51.92107428957907,4.477825682849285,688,3012 CA,"['Aert van Nesstraat 25', '3012 CA Rotterdam', 'Nederland']",Hotel,3012
Rotterdam Centraal/Weena,3013,51.92428870000001,4.4692509000000005,Annabel,51.92540257556953,4.475941780747949,475,3013 AH,"['Schiestraat 20', '3013 AH Rotterdam', 'Nederland']",Music Venue,3013
Rotterdam Centraal/Weena,3013,51.92428870000001,4.4692509000000005,Theater 't Kapelletje,51.92946942278227,4.470156218690042,580,3033 SR,"['Van der Sluysstraat 176', 'Rotterdam', 'Nederland']",Theater,3033
Rotterdam Centraal/Weena,3013,51.92428870000001,4.4692509000000005,The Manhattan Brasserie & Bar,51.92255556228822,4.471417357124218,243,3012 CN,"['Weena 686', '3012 CN Rotterdam', 'Nederland']",French Restaurant,3012
Rotterdam Centraal/Weena,3013,51.92428870000001,4.4692509000000005,Hotel Breitner,51.91566989757951,4.469307301445345,959,3015 XA,"['Breitnerstraat', 'Rotterdam', 'Nederland']",Hotel,3015
Rotterdam Centraal/Weena,3013,51.92428870000001,4.4692509000000005,FG Restaurant,51.92640473389918,4.479447305202484,738,3032 AE,"['Katshoek 37b', 'Nederland']",French Restaurant,3032
Rotterdam Centraal/Weena,3013,51.92428870000001,4.4692509000000005,KINO,51.91717560621591,4.469214206279973,791,3014 PM,"['Gouvernestraat 129-133', '3014 PM Rotterdam', 'Nederland']",Movie Theater,3014
Rotterdam Centraal/Weena,3013,51.92428870000001,4.4692509000000005,WORM,51.91564622542384,4.476397066924331,1079,3012 XA,"['Boomgaardsstraat 71 (Witte de Withstraat)', '3012 XA Rotterdam', 'Nederland']",Music Venue,3012
Rotterdam Centraal/Weena,3013,51.92428870000001,4.4692509000000005,Hotel Rotterdam,51.9289646878853,4.473881098167458,609,3032 AK,"['Schiekade 658 (Roo Valkstraat)', '3032 AK Rotterdam', 'Nederland']",Hotel,3032
Rotterdam Centraal/Weena,3013,51.92428870000001,4.4692509000000005,Kamer 3.11,51.917316,4.477079,944,3012 KE,"['Westblaak 67', '3012 KE Rotterdam', 'Nederland']",Hotel,3012
Rotterdam Centraal/Weena,3013,51.92428870000001,4.4692509000000005,Old Dutch,51.91577576266155,4.4712633464381435,957,3015EK,"['Rochussenstraat 20', '3015EK Rotterdam', 'Nederland']",French Restaurant,3015
Rotterdam Centraal/Weena,3013,51.92428870000001,4.4692509000000005,Hilton Rotterdam,51.92348087523358,4.477438266531781,569,3012 CM,"['Weena 10', '3012 CM Rotterdam', 'Nederland']",Hotel,3012
Rotterdam Centraal/Weena,3013,51.92428870000001,4.4692509000000005,Hofpleintheater,51.92792985431985,4.47735430983401,688,3032 CC,"['Benthemstraat 13', '3032 CC Rotterdam', 'Nederland']",Theater,3032
Rotterdam Centraal/Weena,3013,51.92428870000001,4.4692509000000005,Hartig,51.91648381018933,4.478033367653975,1057,3012 VA,"['Hartmanstraat 20a', '3012 VA Rotterdam', 'Nederland']",Bistro,3012
Rotterdam Centraal/Weena,3013,51.92428870000001,4.4692509000000005,Oude Luxor Theater,51.923231265710996,4.477055605176264,548,3012 EH,"['Kruiskade 10', '3012 EH Rotterdam', 'Nederland']",Theater,3012
Rotterdam Centraal/Weena,3013,51.92428870000001,4.4692509000000005,Miniworld Rotterdam,51.922658046060604,4.4647965835253425,355,3013 AL,"['Weena 745', '3013 AL Rotterdam', 'Nederland']",Museum,3013
Rotterdam Centraal/Weena,3013,51.92428870000001,4.4692509000000005,Hotel NH Atlanta Rotterdam,51.92120700894419,4.478558387971228,725,3012 CA,"['Aert van Nesstraat 4', '3012 CA Rotterdam', 'Nederland']",Hotel,3012
Rotterdam Centraal/Weena,3013,51.92428870000001,4.4692509000000005,Hotel Emma Rotterdam,51.91684869270132,4.47273127968555,861,3015BA,"['Nieuwe Binnenweg 6 (Eendrachtsplein)', '3015BA Rotterdam', 'Nederland']",Hotel,3015
Rotterdam Centraal/Weena,3013,51.92428870000001,4.4692509000000005,Hotel-Restaurant Bazar,51.915845,4.478786,1145,3012 BP,"['Witte de Withstraat 16', '3012 BP Rotterdam', 'Nederland']",Hotel,3012
Rotterdam Centraal/Weena,3013,51.92428870000001,4.4692509000000005,Le Nord,51.927148849105734,4.4726759715782665,395,3033 CA,"['Proveniersstraat 33a', '3033 CA Rotterdam', 'Nederland']",French Restaurant,3033
Rotterdam Centraal/Weena,3013,51.92428870000001,4.4692509000000005,Rodin,51.916298743121025,4.48117441259471,1208,3011 ES,"['Schilderstraat 20a', '3011 ES Rotterdam', 'Nederland']",French Restaurant,3011
Rotterdam Centraal/Weena,3013,51.92428870000001,4.4692509000000005,Amarone,51.922403,4.483389,993,3011 JN,"['Meent 72a', '3011 JN Rotterdam', 'Nederland']",French Restaurant,3011
Rotterdam Centraal/Weena,3013,51.92428870000001,4.4692509000000005,Rotterdamse Schouwburg,51.9205330131339,4.474169612057505,537,3012 CL,"['Schouwburgplein 25', '3012 CL Rotterdam', 'Nederland']",Theater,3012
Rotterdam Centraal/Weena,3013,51.92428870000001,4.4692509000000005,Staal Rotterdam,51.92014350537927,4.480370571055765,892,3011 AA,"['Beursplein 37 (Coolsingel)', '3011 AA Rotterdam', 'Nederland']",Bistro,3011
Rotterdam Centraal/Weena,3013,51.92428870000001,4.4692509000000005,Het Nieuwe Instituut,51.91461204938058,4.470966544496404,1083,3015 CB,"['Museumpark 25', '3015 CB Rotterdam', 'Nederland']",Museum,3015
Rotterdam Centraal/Weena,3013,51.92428870000001,4.4692509000000005,Huis Sonneveld,51.91561,4.472333,989,3015 CG,"['Jongkindstraat 12', '3015 CG Rotterdam', 'Nederland']",Museum,3015
Oude Westen,3014,51.91977199999999,4.4660891,KINO,51.91717560621591,4.469214206279973,359,3014 PM,"['Gouvernestraat 129-133', '3014 PM Rotterdam', 'Nederland']",Movie Theater,3014
Oude Westen,3014,51.91977199999999,4.4660891,Days Inn,51.92830792825404,4.473928981412871,1092,3032 AL,"['Schiekade 730', '3032 AL Rotterdam', 'Nederland']",Hotel,3032
Oude Westen,3014,51.91977199999999,4.4660891,Bilderberg Parkhotel Rotterdam,51.915927997681884,4.473517188129288,665,3015 LB,"['Westersingel 70', '3015 LB Rotterdam', 'Nederland']",Hotel,3015
Oude Westen,3014,51.91977199999999,4.4660891,Hotel Breitner,51.91566989757951,4.469307301445345,507,3015 XA,"['Breitnerstraat', 'Rotterdam', 'Nederland']",Hotel,3015
Oude Westen,3014,51.91977199999999,4.4660891,The James,51.92107428957907,4.477825682849285,818,3012 CA,"['Aert van Nesstraat 25', '3012 CA Rotterdam', 'Nederland']",Hotel,3012
Oude Westen,3014,51.91977199999999,4.4660891,Hotel Orion,51.91268729873533,4.461657393336214,845,3021 JM,"['Zwaerdecroonstraat 40', 'Rotterdam', 'Nederland']",Hotel,3021
Oude Westen,3014,51.91977199999999,4.4660891,Rotterdam Marriott Hotel,51.92241389415069,4.471624195521144,480,3012 CN,"['Weena 686', '3012 CN Rotterdam', 'Nederland']",Hotel,3012
Oude Westen,3014,51.91977199999999,4.4660891,Holiday Inn Express Rotterdam - Central Station,51.92441487211056,4.475928246974945,850,3013 CK,"['Weena 121', '3013 CK Rotterdam', 'Nederland']",Hotel,3013
Oude Westen,3014,51.91977199999999,4.4660891,Grand Hotel Central,51.92305111571185,4.476566478788637,806,3012 EH,"['Kruiskade 12 (Coolsingel)', '3012 EH Rotterdam', 'Nederland']",Hotel,3012
Oude Westen,3014,51.91977199999999,4.4660891,Old Dutch,51.91577576266155,4.4712633464381435,569,3015EK,"['Rochussenstraat 20', '3015EK Rotterdam', 'Nederland']",French Restaurant,3015
Oude Westen,3014,51.91977199999999,4.4660891,Annabel,51.92540257556953,4.475941780747949,922,3013 AH,"['Schiestraat 20', '3013 AH Rotterdam', 'Nederland']",Music Venue,3013
Oude Westen,3014,51.91977199999999,4.4660891,WORM,51.91564622542384,4.476397066924331,843,3012 XA,"['Boomgaardsstraat 71 (Witte de Withstraat)', '3012 XA Rotterdam', 'Nederland']",Music Venue,3012
Oude Westen,3014,51.91977199999999,4.4660891,Hotel Emma Rotterdam,51.91684869270132,4.47273127968555,560,3015BA,"['Nieuwe Binnenweg 6 (Eendrachtsplein)', '3015BA Rotterdam', 'Nederland']",Hotel,3015
Oude Westen,3014,51.91977199999999,4.4660891,Kamer 3.11,51.917316,4.477079,802,3012 KE,"['Westblaak 67', '3012 KE Rotterdam', 'Nederland']",Hotel,3012
Oude Westen,3014,51.91977199999999,4.4660891,Hartig,51.91648381018933,4.478033367653975,898,3012 VA,"['Hartmanstraat 20a', '3012 VA Rotterdam', 'Nederland']",Bistro,3012
Oude Westen,3014,51.91977199999999,4.4660891,Miniworld Rotterdam,51.922658046060604,4.4647965835253425,333,3013 AL,"['Weena 745', '3013 AL Rotterdam', 'Nederland']",Museum,3013
Oude Westen,3014,51.91977199999999,4.4660891,Hilton Rotterdam,51.92348087523358,4.477438266531781,881,3012 CM,"['Weena 10', '3012 CM Rotterdam', 'Nederland']",Hotel,3012
Oude Westen,3014,51.91977199999999,4.4660891,Hotel NH Atlanta Rotterdam,51.92120700894419,4.478558387971228,870,3012 CA,"['Aert van Nesstraat 4', '3012 CA Rotterdam', 'Nederland']",Hotel,3012
Oude Westen,3014,51.91977199999999,4.4660891,Oude Luxor Theater,51.923231265710996,4.477055605176264,845,3012 EH,"['Kruiskade 10', '3012 EH Rotterdam', 'Nederland']",Theater,3012
Oude Westen,3014,51.91977199999999,4.4660891,Hotel Light,51.91532283902534,4.46351728299681,525,3014EJ,"[""'s Gravendijkwal 100"", '3014EJ Rotterdam', 'Nederland']",Hotel,3014
Oude Westen,3014,51.91977199999999,4.4660891,The Manhattan Brasserie & Bar,51.92255556228822,4.471417357124218,479,3012 CN,"['Weena 686', '3012 CN Rotterdam', 'Nederland']",French Restaurant,3012
Oude Westen,3014,51.91977199999999,4.4660891,Hotel-Restaurant Bazar,51.915845,4.478786,975,3012 BP,"['Witte de Withstraat 16', '3012 BP Rotterdam', 'Nederland']",Hotel,3012
Oude Westen,3014,51.91977199999999,4.4660891,Rodin,51.916298743121025,4.48117441259471,1105,3011 ES,"['Schilderstraat 20a', '3011 ES Rotterdam', 'Nederland']",French Restaurant,3011
Oude Westen,3014,51.91977199999999,4.4660891,Rotterdamse Schouwburg,51.9205330131339,4.474169612057505,561,3012 CL,"['Schouwburgplein 25', '3012 CL Rotterdam', 'Nederland']",Theater,3012
Oude Westen,3014,51.91977199999999,4.4660891,De Harmonie,51.91388895002316,4.47488693820459,890,1017 JL,"['Prinsengracht 816', '1017 JL Rotterdam', 'Nederland']",Hotel,1017
Oude Westen,3014,51.91977199999999,4.4660891,Natuurhistorisch Museum Rotterdam,51.91079,4.47255,1093,3015 AA,"['Westzeedijk 345', '3015 AA Rotterdam', 'Nederland']",Museum,3015
Oude Westen,3014,51.91977199999999,4.4660891,Staal Rotterdam,51.92014350537927,4.480370571055765,981,3011 AA,"['Beursplein 37 (Coolsingel)', '3011 AA Rotterdam', 'Nederland']",Bistro,3011
Oude Westen,3014,51.91977199999999,4.4660891,Huis Sonneveld,51.91561,4.472333,631,3015 CG,"['Jongkindstraat 12', '3015 CG Rotterdam', 'Nederland']",Museum,3015
Oude Westen,3014,51.91977199999999,4.4660891,Arminius,51.91499492573677,4.473717063961222,746,3015 CB,"['Museumpark 3 (Westersingel)', '3015 CB Rotterdam', 'Nederland']",Performing Arts Venue,3015
Oude Westen,3014,51.91977199999999,4.4660891,Le Nord,51.927148849105734,4.4726759715782665,937,3033 CA,"['Proveniersstraat 33a', '3033 CA Rotterdam', 'Nederland']",French Restaurant,3033
Oude Westen,3014,51.91977199999999,4.4660891,Het Nieuwe Instituut,51.91461204938058,4.470966544496404,664,3015 CB,"['Museumpark 25', '3015 CB Rotterdam', 'Nederland']",Museum,3015
Dijkzigt,3015,51.9117502,4.4680441,Natuurhistorisch Museum Rotterdam,51.91079,4.47255,327,3015 AA,"['Westzeedijk 345', '3015 AA Rotterdam', 'Nederland']",Museum,3015
Dijkzigt,3015,51.9117502,4.4680441,Hotel Orion,51.91268729873533,4.461657393336214,450,3021 JM,"['Zwaerdecroonstraat 40', 'Rotterdam', 'Nederland']",Hotel,3021
Dijkzigt,3015,51.9117502,4.4680441,Hotel Breitner,51.91566989757951,4.469307301445345,444,3015 XA,"['Breitnerstraat', 'Rotterdam', 'Nederland']",Hotel,3015
Dijkzigt,3015,51.9117502,4.4680441,Bilderberg Parkhotel Rotterdam,51.915927997681884,4.473517188129288,597,3015 LB,"['Westersingel 70', '3015 LB Rotterdam', 'Nederland']",Hotel,3015
Dijkzigt,3015,51.9117502,4.4680441,"Brasserie, restaurant, bar, lounge Stroom",51.90405106937479,4.459737646020311,1029,3024 EA,"['Lloydstraat\xa01', '3024 EA Rotterdam', 'Nederland']",Bistro,3024
Dijkzigt,3015,51.9117502,4.4680441,Old Dutch,51.91577576266155,4.4712633464381435,499,3015EK,"['Rochussenstraat 20', '3015EK Rotterdam', 'Nederland']",French Restaurant,3015
Dijkzigt,3015,51.9117502,4.4680441,Mainport Hotel,51.913362,4.482475,1007,3011 EA,"['Leuvehaven 77', '3011 EA Rotterdam', 'Nederland']",Hotel,3011
Dijkzigt,3015,51.9117502,4.4680441,Quartier Du Port,51.909612189154075,4.478547914241179,759,3016 BJ,"['Van Vollenhovenstraat 48-50', '3016 BJ Rotterdam', 'Nederland']",Hotel,3016
Dijkzigt,3015,51.9117502,4.4680441,WORM,51.91564622542384,4.476397066924331,719,3012 XA,"['Boomgaardsstraat 71 (Witte de Withstraat)', '3012 XA Rotterdam', 'Nederland']",Music Venue,3012
Dijkzigt,3015,51.9117502,4.4680441,Het Nieuwe Instituut,51.91461204938058,4.470966544496404,376,3015 CB,"['Museumpark 25', '3015 CB Rotterdam', 'Nederland']",Museum,3015
Dijkzigt,3015,51.9117502,4.4680441,KINO,51.91717560621591,4.469214206279973,609,3014 PM,"['Gouvernestraat 129-133', '3014 PM Rotterdam', 'Nederland']",Movie Theater,3014
Dijkzigt,3015,51.9117502,4.4680441,Kamer 3.11,51.917316,4.477079,876,3012 KE,"['Westblaak 67', '3012 KE Rotterdam', 'Nederland']",Hotel,3012
Dijkzigt,3015,51.9117502,4.4680441,easyHotel Rotterdam City Centre,51.91729551072476,4.477067271548541,874,3012 KE,"['Westblaak 67 (Karel Doormanstraat)', '3012 KE Rotterdam', 'Nederland']",Hotel,3012
Dijkzigt,3015,51.9117502,4.4680441,Hotel Emma Rotterdam,51.91684869270132,4.47273127968555,652,3015BA,"['Nieuwe Binnenweg 6 (Eendrachtsplein)', '3015BA Rotterdam', 'Nederland']",Hotel,3015
Dijkzigt,3015,51.9117502,4.4680441,De Theaterschool,51.90607744448595,4.460350261236241,823,3024 BJ,"['Pieter de Hoochweg 222', 'Rotterdam', 'Nederland']",Theater,3024
Dijkzigt,3015,51.9117502,4.4680441,Hotel Light,51.91532283902534,4.46351728299681,504,3014EJ,"[""'s Gravendijkwal 100"", '3014EJ Rotterdam', 'Nederland']",Hotel,3014
Dijkzigt,3015,51.9117502,4.4680441,Port Hotel,51.90731655156511,4.459060057729539,790,3024 BG,"['Pieter de Hoochweg 115', '3024 BG Rotterdam', 'Nederland']",Hotel,3024
Dijkzigt,3015,51.9117502,4.4680441,Hartig,51.91648381018933,4.478033367653975,864,3012 VA,"['Hartmanstraat 20a', '3012 VA Rotterdam', 'Nederland']",Bistro,3012
Dijkzigt,3015,51.9117502,4.4680441,De Harmonie,51.91388895002316,4.47488693820459,526,1017 JL,"['Prinsengracht 816', '1017 JL Rotterdam', 'Nederland']",Hotel,1017
Dijkzigt,3015,51.9117502,4.4680441,Eurohotel,51.91520711176147,4.480783193219793,955,3011 CB,"['Baan 14-20', 'Rotterdam', 'Nederland']",Hotel,3011
Dijkzigt,3015,51.9117502,4.4680441,Hotel-Restaurant Bazar,51.915845,4.478786,867,3012 BP,"['Witte de Withstraat 16', '3012 BP Rotterdam', 'Nederland']",Hotel,3012
Dijkzigt,3015,51.9117502,4.4680441,Huson,51.910903789254796,4.478037494768947,692,3011 BS,"['scheepstimmermanslaan 14 (oostzeedijk)', 'Rotterdam', 'Nederland']",French Restaurant,3011
Dijkzigt,3015,51.9117502,4.4680441,Roffa Streetfoodbar,51.91046664798373,4.478026464862741,700,3016 AE,"['Scheepstimmermanslaan 31b', '3016 AE Rotterdam', 'Nederland']",Bistro,3016
Dijkzigt,3015,51.9117502,4.4680441,Belasting & Douane Museum,51.907699,4.476655,743,3016 BB,"['Parklaan 14 16', '3016 BB Rotterdam', 'Nederland']",Museum,3016
Dijkzigt,3015,51.9117502,4.4680441,Rodin,51.916298743121025,4.48117441259471,1034,3011 ES,"['Schilderstraat 20a', '3011 ES Rotterdam', 'Nederland']",French Restaurant,3011
Dijkzigt,3015,51.9117502,4.4680441,Huis Sonneveld,51.91561,4.472333,520,3015 CG,"['Jongkindstraat 12', '3015 CG Rotterdam', 'Nederland']",Museum,3015
Dijkzigt,3015,51.9117502,4.4680441,Rotterdamse Schouwburg,51.9205330131339,4.474169612057505,1064,3012 CL,"['Schouwburgplein 25', '3012 CL Rotterdam', 'Nederland']",Theater,3012
Dijkzigt,3015,51.9117502,4.4680441,Arminius,51.91499492573677,4.473717063961222,531,3015 CB,"['Museumpark 3 (Westersingel)', '3015 CB Rotterdam', 'Nederland']",Performing Arts Venue,3015
Dijkzigt,3015,51.9117502,4.4680441,Parkheuvel,51.903798,4.471645,919,3016 GL,"['Heuvellaan 21', '3016 GL Rotterdam', 'Nederland']",French Restaurant,3016
Scheepvaartkwartier/Nieuwe Werk,3016,51.90623950000001,4.473647199999999,Belasting & Douane Museum,51.907699,4.476655,262,3016 BB,"['Parklaan 14 16', '3016 BB Rotterdam', 'Nederland']",Museum,3016
Scheepvaartkwartier/Nieuwe Werk,3016,51.90623950000001,4.473647199999999,Natuurhistorisch Museum Rotterdam,51.91079,4.47255,512,3015 AA,"['Westzeedijk 345', '3015 AA Rotterdam', 'Nederland']",Museum,3015
Scheepvaartkwartier/Nieuwe Werk,3016,51.90623950000001,4.473647199999999,Hotel Orion,51.91268729873533,4.461657393336214,1092,3021 JM,"['Zwaerdecroonstraat 40', 'Rotterdam', 'Nederland']",Hotel,3021
Scheepvaartkwartier/Nieuwe Werk,3016,51.90623950000001,4.473647199999999,Room Mate Bruno,51.90625846492094,4.4885767616864305,1025,3072 AR,"['Wilhelminakade 52-58', '3072 AR Rotterdam', 'Nederland']",Hotel,3072
Scheepvaartkwartier/Nieuwe Werk,3016,51.90623950000001,4.473647199999999,By Ami Urban Bistro,51.905755,4.489431,1085,3072 ME,"['Antoine Platekade 983', '3072 ME Rotterdam', 'Nederland']",Bistro,3072
Scheepvaartkwartier/Nieuwe Werk,3016,51.90623950000001,4.473647199999999,"Brasserie, restaurant, bar, lounge Stroom",51.90405106937479,4.459737646020311,985,3024 EA,"['Lloydstraat\xa01', '3024 EA Rotterdam', 'Nederland']",Bistro,3024
Scheepvaartkwartier/Nieuwe Werk,3016,51.90623950000001,4.473647199999999,Hotel Breitner,51.91566989757951,4.469307301445345,1091,3015 XA,"['Breitnerstraat', 'Rotterdam', 'Nederland']",Hotel,3015
Scheepvaartkwartier/Nieuwe Werk,3016,51.90623950000001,4.473647199999999,Quartier Du Port,51.909612189154075,4.478547914241179,504,3016 BJ,"['Van Vollenhovenstraat 48-50', '3016 BJ Rotterdam', 'Nederland']",Hotel,3016
Scheepvaartkwartier/Nieuwe Werk,3016,51.90623950000001,4.473647199999999,ss Rotterdam,51.8978816723738,4.473525764216176,930,3072 AM,"['3e Katendrechtsehoofd 25', '3072 AM Rotterdam', 'Nederland']",Hotel,3072
Scheepvaartkwartier/Nieuwe Werk,3016,51.90623950000001,4.473647199999999,Hotel Van Walsum,51.914980446083064,4.464183161194995,1170,3014 HC,"['Mathenesserlaan 199-201 (nieuwe binnenweg)', '3014 HC Rotterdam', 'Nederland']",Hotel,3014
Scheepvaartkwartier/Nieuwe Werk,3016,51.90623950000001,4.473647199999999,Vers 010,51.90684722550305,4.490281400820702,1144,3072 MA,"['Prinsendam 180', '3072 MA Rotterdam', 'Nederland']",Bistro,3072
Scheepvaartkwartier/Nieuwe Werk,3016,51.90623950000001,4.473647199999999,Mainport Hotel,51.913362,4.482475,998,3011 EA,"['Leuvehaven 77', '3011 EA Rotterdam', 'Nederland']",Hotel,3011
Scheepvaartkwartier/Nieuwe Werk,3016,51.90623950000001,4.473647199999999,Inntel Hotels Rotterdam Centre,51.912675096990135,4.482800355680386,953,3011 EA,"['Leuvehaven 80', '3011 EA Rotterdam', 'Nederland']",Hotel,3011
Scheepvaartkwartier/Nieuwe Werk,3016,51.90623950000001,4.473647199999999,LantarenVenster,51.90489883396685,4.487035211366009,931,3072 MD,"['Otto Reuchlinweg 996', '3072 MD Rotterdam', 'Nederland']",Movie Theater,3072
Scheepvaartkwartier/Nieuwe Werk,3016,51.90623950000001,4.473647199999999,Hotel New York,51.904033146983984,4.484401345252991,778,3072 AD,"['Koninginnenhoofd 1', '3072 AD Rotterdam', 'Nederland']",Hotel,3072
Scheepvaartkwartier/Nieuwe Werk,3016,51.90623950000001,4.473647199999999,Parkheuvel,51.903798,4.471645,304,3016 GL,"['Heuvellaan 21', '3016 GL Rotterdam', 'Nederland']",French Restaurant,3016
Scheepvaartkwartier/Nieuwe Werk,3016,51.90623950000001,4.473647199999999,Roffa Streetfoodbar,51.91046664798373,4.478026464862741,558,3016 AE,"['Scheepstimmermanslaan 31b', '3016 AE Rotterdam', 'Nederland']",Bistro,3016
Scheepvaartkwartier/Nieuwe Werk,3016,51.90623950000001,4.473647199999999,De Theaterschool,51.90607744448595,4.460350261236241,913,3024 BJ,"['Pieter de Hoochweg 222', 'Rotterdam', 'Nederland']",Theater,3024
Scheepvaartkwartier/Nieuwe Werk,3016,51.90623950000001,4.473647199999999,Nieuwe Luxor Theater,51.90673712416364,4.4910478591918945,1196,3072 AG,"['Posthumalaan 1 (Wilhelminakade)', '3072 AG Rotterdam', 'Nederland']",Theater,3072
Scheepvaartkwartier/Nieuwe Werk,3016,51.90623950000001,4.473647199999999,Port Hotel,51.90731655156511,4.459060057729539,1008,3024 BG,"['Pieter de Hoochweg 115', '3024 BG Rotterdam', 'Nederland']",Hotel,3024
Scheepvaartkwartier/Nieuwe Werk,3016,51.90623950000001,4.473647199999999,Eurohotel,51.91520711176147,4.480783193219793,1112,3011 CB,"['Baan 14-20', 'Rotterdam', 'Nederland']",Hotel,3011
Scheepvaartkwartier/Nieuwe Werk,3016,51.90623950000001,4.473647199999999,Huson,51.910903789254796,4.478037494768947,600,3011 BS,"['scheepstimmermanslaan 14 (oostzeedijk)', 'Rotterdam', 'Nederland']",French Restaurant,3011
Scheepvaartkwartier/Nieuwe Werk,3016,51.90623950000001,4.473647199999999,Verhalenhuis Belvédère,51.901254,4.481867,791,3072 LB,"['Rechthuislaan 1', '3072 LB Rotterdam', 'Nederland']",Performing Arts Venue,3072
Scheepvaartkwartier/Nieuwe Werk,3016,51.90623950000001,4.473647199999999,Kantine Walhalla,51.90185123252282,4.486168149320923,989,3072 AN,"['Veerlaan 9 (Katendrecht/Rijnhavenbrug)', '3072 AN Rotterdam', 'Nederland']",Theater,3072
Scheepvaartkwartier/Nieuwe Werk,3016,51.90623950000001,4.473647199999999,De Harmonie,51.91388895002316,4.47488693820459,855,1017 JL,"['Prinsengracht 816', '1017 JL Rotterdam', 'Nederland']",Hotel,1017
Scheepvaartkwartier/Nieuwe Werk,3016,51.90623950000001,4.473647199999999,Dutch Pinball Museum,51.90238407455559,4.483581413922975,806,3072 AN,"['Veerlaan 19-K', '3072 AN Rotterdam', 'Nederland']",Museum,3072
Scheepvaartkwartier/Nieuwe Werk,3016,51.90623950000001,4.473647199999999,Pleinbioscoop Rotterdam,51.91315715600993,4.472015770644228,778,3015 CX,"['Museumpark 32', '3015 CX Rotterdam', 'Nederland']",Movie Theater,3015
Scheepvaartkwartier/Nieuwe Werk,3016,51.90623950000001,4.473647199999999,POSSE,51.901775,4.48551,954,3072 AN,"['Veerlaan 13 (Rijnhavenbrug)', '3072 AN Rotterdam', 'Nederland']",Bistro,3072
Scheepvaartkwartier/Nieuwe Werk,3016,51.90623950000001,4.473647199999999,Arminius,51.91499492573677,4.473717063961222,974,3015 CB,"['Museumpark 3 (Westersingel)', '3015 CB Rotterdam', 'Nederland']",Performing Arts Venue,3015
Scheepvaartkwartier/Nieuwe Werk,3016,51.90623950000001,4.473647199999999,Het Nieuwe Instituut,51.91461204938058,4.470966544496404,950,3015 CB,"['Museumpark 25', '3015 CB Rotterdam', 'Nederland']",Museum,3015
Middelland,3021,51.9173832,4.4592135000000015,Belén,51.917643,4.458111,81,3021 BT,"['Middellandstraat 16A', '3021 BT Rotterdam', 'Nederland']",Bistro,3021
Middelland,3021,51.9173832,4.4592135000000015,Petitpaleis,51.920489,4.47423,1087,3012 CC,"['Schouwburgplein', '3012 CC Rotterdam', 'Nederland']",Movie Theater,3012
Middelland,3021,51.9173832,4.4592135000000015,Hotel Milano,51.91846060525555,4.463107513814714,293,3021EA,"[""'s-Gravendijkwal 7-B"", '3021EA Rotterdam', 'Nederland']",Hotel,3021
Middelland,3021,51.9173832,4.4592135000000015,Hotel Orion,51.91268729873533,4.461657393336214,549,3021 JM,"['Zwaerdecroonstraat 40', 'Rotterdam', 'Nederland']",Hotel,3021
Middelland,3021,51.9173832,4.4592135000000015,Hotel Floris Rotterdam,51.919756648585285,4.458095489621418,275,3021 CJ,"['Graaf Florisstraat 68', 'Rotterdam', 'Nederland']",Hotel,3021
Middelland,3021,51.9173832,4.4592135000000015,The World,51.92379060878354,4.4716041406785285,1110,3013 BA,"['Weena 505', 'Nederland']",Bistro,3013
Middelland,3021,51.9173832,4.4592135000000015,Hotel Light,51.91532283902534,4.46351728299681,374,3014EJ,"[""'s Gravendijkwal 100"", '3014EJ Rotterdam', 'Nederland']",Hotel,3014
Middelland,3021,51.9173832,4.4592135000000015,Bilderberg Parkhotel Rotterdam,51.915927997681884,4.473517188129288,995,3015 LB,"['Westersingel 70', '3015 LB Rotterdam', 'Nederland']",Hotel,3015
Middelland,3021,51.9173832,4.4592135000000015,Hotel Van Walsum,51.914980446083064,4.464183161194995,433,3014 HC,"['Mathenesserlaan 199-201 (nieuwe binnenweg)', '3014 HC Rotterdam', 'Nederland']",Hotel,3014
Middelland,3021,51.9173832,4.4592135000000015,Hotel Breitner,51.91566989757951,4.469307301445345,718,3015 XA,"['Breitnerstraat', 'Rotterdam', 'Nederland']",Hotel,3015
Middelland,3021,51.9173832,4.4592135000000015,Urban Residences Rotterdam,51.92003454400745,4.47745014555268,1286,3012 EB,"['Hennekijnstraat 104', '3012 EB Rotterdam', 'Nederland']",Hotel,3012
Middelland,3021,51.9173832,4.4592135000000015,KINO,51.91717560621591,4.469214206279973,687,3014 PM,"['Gouvernestraat 129-133', '3014 PM Rotterdam', 'Nederland']",Movie Theater,3014
Middelland,3021,51.9173832,4.4592135000000015,The Performance Bar,51.916031302987335,4.476064196482979,1166,3012 XL,"['Boomgaardsstraat 69', 'Rotterdam', 'Nederland']",Performing Arts Venue,3012
Middelland,3021,51.9173832,4.4592135000000015,Rotterdam Marriott Hotel,51.92241389415069,4.471624195521144,1019,3012 CN,"['Weena 686', '3012 CN Rotterdam', 'Nederland']",Hotel,3012
Middelland,3021,51.9173832,4.4592135000000015,Old Dutch,51.91577576266155,4.4712633464381435,846,3015EK,"['Rochussenstraat 20', '3015EK Rotterdam', 'Nederland']",French Restaurant,3015
Middelland,3021,51.9173832,4.4592135000000015,WORM,51.91564622542384,4.476397066924331,1195,3012 XA,"['Boomgaardsstraat 71 (Witte de Withstraat)', '3012 XA Rotterdam', 'Nederland']",Music Venue,3012
Middelland,3021,51.9173832,4.4592135000000015,Soit,51.91309530341845,4.463746549031342,569,3015 CC,"[""'s-Gravendijkwal 136B"", '3015 CC Rotterdam', 'Nederland']",French Restaurant,3015
Middelland,3021,51.9173832,4.4592135000000015,stichting de goevernestraat,51.917001,4.469312,694,3014 PM,"['Goevernestraat', 'Nederland']",Theater,3014
Middelland,3021,51.9173832,4.4592135000000015,Hotel Emma Rotterdam,51.91684869270132,4.47273127968555,930,3015BA,"['Nieuwe Binnenweg 6 (Eendrachtsplein)', '3015BA Rotterdam', 'Nederland']",Hotel,3015
Middelland,3021,51.9173832,4.4592135000000015,Tijdelijk modemuseum,51.914693,4.471165,873,3015 CB,"['Museumpark 25', '3015 CB', 'Nederland']",Museum,3015
Middelland,3021,51.9173832,4.4592135000000015,Rotterdamse Schouwburg,51.9205330131339,4.474169612057505,1085,3012 CL,"['Schouwburgplein 25', '3012 CL Rotterdam', 'Nederland']",Theater,3012
Middelland,3021,51.9173832,4.4592135000000015,Miniworld Rotterdam,51.922658046060604,4.4647965835253425,701,3013 AL,"['Weena 745', '3013 AL Rotterdam', 'Nederland']",Museum,3013
Middelland,3021,51.9173832,4.4592135000000015,Natuurhistorisch Museum Rotterdam,51.91079,4.47255,1173,3015 AA,"['Westzeedijk 345', '3015 AA Rotterdam', 'Nederland']",Museum,3015
Middelland,3021,51.9173832,4.4592135000000015,Pleinbioscoop Rotterdam,51.91315715600993,4.472015770644228,997,3015 CX,"['Museumpark 32', '3015 CX Rotterdam', 'Nederland']",Movie Theater,3015
Middelland,3021,51.9173832,4.4592135000000015,Huis Sonneveld,51.91561,4.472333,922,3015 CG,"['Jongkindstraat 12', '3015 CG Rotterdam', 'Nederland']",Museum,3015
Middelland,3021,51.9173832,4.4592135000000015,Het Nieuwe Instituut,51.91461204938058,4.470966544496404,863,3015 CB,"['Museumpark 25', '3015 CB Rotterdam', 'Nederland']",Museum,3015
Middelland,3022,51.9205044,4.446733,Van der Valk Hotel Rotterdam-Blijdorp,51.927285866410124,4.441856836806851,825,3041 JC,"['Energieweg 2', '3041 JC Rotterdam', 'Nederland']",Hotel,3041
Middelland,3022,51.9205044,4.446733,Belén,51.917643,4.458111,843,3021 BT,"['Middellandstraat 16A', '3021 BT Rotterdam', 'Nederland']",Bistro,3021
Middelland,3022,51.9205044,4.446733,Hotel Floris Rotterdam,51.919756648585285,4.458095489621418,784,3021 CJ,"['Graaf Florisstraat 68', 'Rotterdam', 'Nederland']",Hotel,3021
Middelland,3022,51.9205044,4.446733,Hotel Amar,51.913902282714844,4.457912445068359,1062,3021 HZ,"['Mathenesserlaan 316 A/B', 'Rotterdam', 'Nederland']",Hotel,3021
Middelland,3022,51.9205044,4.446733,De Loper | Margriet Sjoerdsma,51.916083,4.443083,552,3026 GA,"['Mathenesserdijk 217 C', 'Delfshaven', 'Nederland']",Music Venue,3026
Middelland,3022,51.9205044,4.446733,De Loper | Roos Jonker,51.916025,4.442757,568,3026 HA,"['Grote Visserijstraat 3 a', 'Delfshaven', 'Nederland']",Music Venue,3026
Middelland,3022,51.9205044,4.446733,Muziekroute De Loper | The Cosmic Carnival,51.915936,4.442955,570,3026 CA,"['Grote Visserijstraat 7', 'Rotterdam', 'Nederland']",Music Venue,3026
Middelland,3022,51.9205044,4.446733,Mithe,51.914233524424134,4.459753334044776,1134,3021 HT,"['Mathenesserlaan 297', 'Rotterdam', 'Nederland']",Movie Theater,3021
Middelland,3022,51.9205044,4.446733,Trammuseum,51.9118129775741,4.454025301889661,1089,3051 PC,"['Tramremise Hillegersberg (Kootsekade 19)', '3051 PC Rotterdam', 'Nederland']",Museum,3051
Middelland,3022,51.9205044,4.446733,Muziekroute De Loper | Tommy Ebben,51.91509,4.442394,672,3026 CB,"['Grote Visserijstraat 24 b', 'Rotterdam', 'Nederland']",Music Venue,3026
Nieuwe Westen,3023,51.9123609,4.451917400000001,Trammuseum,51.9118129775741,4.454025301889661,157,3051 PC,"['Tramremise Hillegersberg (Kootsekade 19)', '3051 PC Rotterdam', 'Nederland']",Museum,3051
Nieuwe Westen,3023,51.9123609,4.451917400000001,Oefenruimte De Frikandel,51.9079282235422,4.452319098256182,494,3024 AN,"['Coolhaven', 'Rotterdam', 'Nederland']",Performing Arts Venue,3024
Nieuwe Westen,3023,51.9123609,4.451917400000001,Hotel Amar,51.913902282714844,4.457912445068359,445,3021 HZ,"['Mathenesserlaan 316 A/B', 'Rotterdam', 'Nederland']",Hotel,3021
Nieuwe Westen,3023,51.9123609,4.451917400000001,PrinsesTheater,51.91002738729341,4.447678,390,3026 AB,"['Schiedamseweg 19 (2e Schans)', '3026 AB Rotterdam', 'Nederland']",Music Venue,3026
Nieuwe Westen,3023,51.9123609,4.451917400000001,Hotel Orion,51.91268729873533,4.461657393336214,669,3021 JM,"['Zwaerdecroonstraat 40', 'Rotterdam', 'Nederland']",Hotel,3021
Nieuwe Westen,3023,51.9123609,4.451917400000001,"Brasserie, restaurant, bar, lounge Stroom",51.90405106937479,4.459737646020311,1069,3024 EA,"['Lloydstraat\xa01', '3024 EA Rotterdam', 'Nederland']",Bistro,3024
Nieuwe Westen,3023,51.9123609,4.451917400000001,Belén,51.917643,4.458111,725,3021 BT,"['Middellandstraat 16A', '3021 BT Rotterdam', 'Nederland']",Bistro,3021
Nieuwe Westen,3023,51.9123609,4.451917400000001,Hotel Breitner,51.91566989757951,4.469307301445345,1249,3015 XA,"['Breitnerstraat', 'Rotterdam', 'Nederland']",Hotel,3015
Nieuwe Westen,3023,51.9123609,4.451917400000001,'t Ouwe Bruggetje,51.90823838875037,4.448599488857896,512,3024 RM,"['Voorhaven 6', '3024 RM Rotterdam', 'Nederland']",French Restaurant,3024
Nieuwe Westen,3023,51.9123609,4.451917400000001,Maaspodium,51.90583698370631,4.462500880066528,1027,3024 EH,"['St. Jobsweg 3', '3024 EH Rotterdam', 'Nederland']",Theater,3024
Nieuwe Westen,3023,51.9123609,4.451917400000001,Hotel Van Walsum,51.914980446083064,4.464183161194995,891,3014 HC,"['Mathenesserlaan 199-201 (nieuwe binnenweg)', '3014 HC Rotterdam', 'Nederland']",Hotel,3014
Nieuwe Westen,3023,51.9123609,4.451917400000001,Mithe,51.914233524424134,4.459753334044776,577,3021 HT,"['Mathenesserlaan 297', 'Rotterdam', 'Nederland']",Movie Theater,3021
Nieuwe Westen,3023,51.9123609,4.451917400000001,Hotel Floris Rotterdam,51.919756648585285,4.458095489621418,926,3021 CJ,"['Graaf Florisstraat 68', 'Rotterdam', 'Nederland']",Hotel,3021
Nieuwe Westen,3023,51.9123609,4.451917400000001,Soit,51.91309530341845,4.463746549031342,816,3015 CC,"[""'s-Gravendijkwal 136B"", '3015 CC Rotterdam', 'Nederland']",French Restaurant,3015
Nieuwe Westen,3023,51.9123609,4.451917400000001,De Theaterschool,51.90607744448595,4.460350261236241,908,3024 BJ,"['Pieter de Hoochweg 222', 'Rotterdam', 'Nederland']",Theater,3024
Nieuwe Westen,3023,51.9123609,4.451917400000001,Port Hotel,51.90731655156511,4.459060057729539,745,3024 BG,"['Pieter de Hoochweg 115', '3024 BG Rotterdam', 'Nederland']",Hotel,3024
Nieuwe Westen,3023,51.9123609,4.451917400000001,Onafhankelijk Toneel,51.90433290010383,4.4496198496069415,907,3025 AZ,"['Coolhaven 96-98', 'Rotterdam', 'Nederland']",Theater,3025
Nieuwe Westen,3023,51.9123609,4.451917400000001,SKVR Muziekschool,51.90678705629263,4.459059916720666,790,3024 BG,"['Pieter de Hoochweg 125', 'Rotterdam', 'Nederland']",Music Venue,3024
Nieuwe Westen,3023,51.9123609,4.451917400000001,Hotel Milano,51.91846060525555,4.463107513814714,1025,3021EA,"[""'s-Gravendijkwal 7-B"", '3021EA Rotterdam', 'Nederland']",Hotel,3021
Nieuwe Westen,3023,51.9123609,4.451917400000001,Hotel Light,51.91532283902534,4.46351728299681,862,3014EJ,"[""'s Gravendijkwal 100"", '3014EJ Rotterdam', 'Nederland']",Hotel,3014
Nieuwe Westen,3023,51.9123609,4.451917400000001,Podium Grounds,51.9069171,4.4593823,793,3024 BG,"['Pieter de Hoochweg 125', '3024 BG Rotterdam', 'Nederland']",Music Venue,3024
Nieuwe Westen,3023,51.9123609,4.451917400000001,Stroom Rotterdam,51.9040579066673,4.459747007034115,1069,3024EA,"['Lloydstraat 1', '3024EA Rotterdam', 'Nederland']",Hotel,3024
Coolhaveneiland,3024,51.9068175,4.4578098,SKVR Muziekschool,51.90678705629263,4.459059916720666,85,3024 BG,"['Pieter de Hoochweg 125', 'Rotterdam', 'Nederland']",Music Venue,3024
Coolhaveneiland,3024,51.9068175,4.4578098,Port Hotel,51.90731655156511,4.459060057729539,102,3024 BG,"['Pieter de Hoochweg 115', '3024 BG Rotterdam', 'Nederland']",Hotel,3024
Coolhaveneiland,3024,51.9068175,4.4578098,Podium Grounds,51.9069171,4.4593823,108,3024 BG,"['Pieter de Hoochweg 125', '3024 BG Rotterdam', 'Nederland']",Music Venue,3024
Coolhaveneiland,3024,51.9068175,4.4578098,De Theaterschool,51.90607744448595,4.460350261236241,192,3024 BJ,"['Pieter de Hoochweg 222', 'Rotterdam', 'Nederland']",Theater,3024
Coolhaveneiland,3024,51.9068175,4.4578098,"Brasserie, restaurant, bar, lounge Stroom",51.90405106937479,4.459737646020311,335,3024 EA,"['Lloydstraat\xa01', '3024 EA Rotterdam', 'Nederland']",Bistro,3024
Coolhaveneiland,3024,51.9068175,4.4578098,Maaspodium,51.90583698370631,4.462500880066528,340,3024 EH,"['St. Jobsweg 3', '3024 EH Rotterdam', 'Nederland']",Theater,3024
Coolhaveneiland,3024,51.9068175,4.4578098,Oefenruimte De Frikandel,51.9079282235422,4.452319098256182,396,3024 AN,"['Coolhaven', 'Rotterdam', 'Nederland']",Performing Arts Venue,3024
Coolhaveneiland,3024,51.9068175,4.4578098,Hotel Orion,51.91268729873533,4.461657393336214,704,3021 JM,"['Zwaerdecroonstraat 40', 'Rotterdam', 'Nederland']",Hotel,3021
Coolhaveneiland,3024,51.9068175,4.4578098,Hotel New Ocean Paradise,51.903821,4.466652,692,3016 GM,"['Parkhaven 21', '3016 GM Rotterdam', 'Nederland']",Hotel,3016
Coolhaveneiland,3024,51.9068175,4.4578098,Hotel Breitner,51.91566989757951,4.469307301445345,1262,3015 XA,"['Breitnerstraat', 'Rotterdam', 'Nederland']",Hotel,3015
Coolhaveneiland,3024,51.9068175,4.4578098,Stroom Rotterdam,51.9040579066673,4.459747007034115,334,3024EA,"['Lloydstraat 1', '3024EA Rotterdam', 'Nederland']",Hotel,3024
Coolhaveneiland,3024,51.9068175,4.4578098,Hotel Van Walsum,51.914980446083064,4.464183161194995,1008,3014 HC,"['Mathenesserlaan 199-201 (nieuwe binnenweg)', '3014 HC Rotterdam', 'Nederland']",Hotel,3014
Coolhaveneiland,3024,51.9068175,4.4578098,Hotel Amar,51.913902282714844,4.457912445068359,788,3021 HZ,"['Mathenesserlaan 316 A/B', 'Rotterdam', 'Nederland']",Hotel,3021
Coolhaveneiland,3024,51.9068175,4.4578098,Onafhankelijk Toneel,51.90433290010383,4.4496198496069415,626,3025 AZ,"['Coolhaven 96-98', 'Rotterdam', 'Nederland']",Theater,3025
Coolhaveneiland,3024,51.9068175,4.4578098,Soit,51.91309530341845,4.463746549031342,809,3015 CC,"[""'s-Gravendijkwal 136B"", '3015 CC Rotterdam', 'Nederland']",French Restaurant,3015
Coolhaveneiland,3024,51.9068175,4.4578098,Jameson Film Experience,51.903409886535115,4.459114269123611,389,3024 EZ,"['Schiecentrale', 'Rotterdam', 'Nederland']",Movie Theater,3024
Coolhaveneiland,3024,51.9068175,4.4578098,IN10 Theatre,51.902347,4.4593,508,3024ES,"['kratonkade 7', '3024ES Rotterdam', 'Nederland']",Theater,3024
Coolhaveneiland,3024,51.9068175,4.4578098,'t Ouwe Bruggetje,51.90823838875037,4.448599488857896,652,3024 RM,"['Voorhaven 6', '3024 RM Rotterdam', 'Nederland']",French Restaurant,3024
Coolhaveneiland,3024,51.9068175,4.4578098,Mithe,51.914233524424134,4.459753334044776,836,3021 HT,"['Mathenesserlaan 297', 'Rotterdam', 'Nederland']",Movie Theater,3021
Coolhaveneiland,3024,51.9068175,4.4578098,FG bistro,51.902359,4.460978,541,3024 EA,"['Lloydstraat', 'Rotterdam', 'Nederland']",French Restaurant,3024
Coolhaveneiland,3024,51.9068175,4.4578098,PrinsesTheater,51.91002738729341,4.447678,782,3026 AB,"['Schiedamseweg 19 (2e Schans)', '3026 AB Rotterdam', 'Nederland']",Music Venue,3026
Coolhaveneiland,3024,51.9068175,4.4578098,Trammuseum,51.9118129775741,4.454025301889661,613,3051 PC,"['Tramremise Hillegersberg (Kootsekade 19)', '3051 PC Rotterdam', 'Nederland']",Museum,3051
Coolhaveneiland,3024,51.9068175,4.4578098,Hotel Light,51.91532283902534,4.46351728299681,1024,3014EJ,"[""'s Gravendijkwal 100"", '3014EJ Rotterdam', 'Nederland']",Hotel,3014
Coolhaveneiland,3024,51.9068175,4.4578098,FG Restaurant,51.90252000899483,4.461195390890579,531,3032 AE,"['Katshoek 37b', '3032 AE Rotterdam', 'Nederland']",French Restaurant,3032
Coolhaveneiland,3024,51.9068175,4.4578098,Natuurhistorisch Museum Rotterdam,51.91079,4.47255,1104,3015 AA,"['Westzeedijk 345', '3015 AA Rotterdam', 'Nederland']",Museum,3015
Coolhaveneiland,3024,51.9068175,4.4578098,Parkheuvel,51.903798,4.471645,1007,3016 GL,"['Heuvellaan 21', '3016 GL Rotterdam', 'Nederland']",French Restaurant,3016
Hillegersberg Centrum,3054,51.957441,4.489499599999999,Rijntje,51.95903007873314,4.488295389739601,195,3054 CB,"['Prinses Margrietstraat', 'Rotterdam', 'Nederland']",French Restaurant,3054
Hillegersberg Centrum,3054,51.957441,4.489499599999999,Eetcafé Facet,51.955817162129364,4.494716528852158,400,3054 LN,"['Weissenbruchlaan 8 (Winkelcentrum Hillegersberg)', '3054 LN Rotterdam', 'Nederland']",French Restaurant,3054
Hillegersberg Centrum,3054,51.957441,4.489499599999999,Danszaal Donkersingel,51.96561,4.49543,996,3056 DT,"['Donkersingel 27', '3056 DT Rotterdam', 'Nederland']",Music Venue,3056
Hillegersberg Centrum,3054,51.957441,4.489499599999999,SKVR Muziek- en Dansschool,51.955773421581824,4.477634714017452,834,3052 KS,"['Ringdijk', 'Rotterdam', 'Nederland']",Music Venue,3052
Kralingen,3061,51.9261967,4.506100000000001,The Student Hotel Rotterdam,51.92131883379124,4.505518534651654,544,3063BM,"['Oostzeedijk 182', '3063BM Rotterdam', 'Nederland']",Hotel,3063
Kralingen,3061,51.9261967,4.506100000000001,kade87,51.92231033135828,4.499271035158402,637,3063 EG,"['Admiraliteitskade', 'Rotterdam', 'Nederland']",Bistro,3063
Kralingen,3061,51.9261967,4.506100000000001,Pianoles,51.92781388065942,4.5028561130238485,286,3061 PN,"['Weteringstraat 275 3061PN Rotterdam', 'Rotterdam', 'Nederland']",Music Venue,3061
Kralingen,3061,51.9261967,4.506100000000001,bomm,51.928555,4.507408,277,3061 AG,"['Oudedijk 217B', '3061 AG Rotterdam', 'Nederland']",Bistro,3061
Kralingen,3061,51.9261967,4.506100000000001,Het Nieuwe Pakhuys,51.922285557695396,4.499336584580259,636,3063 EG,"['Admiraliteitskade 87', '3063 EG Rotterdam', 'Nederland']",French Restaurant,3063
Kralingen,3061,51.9261967,4.506100000000001,Brasserie Vincent,51.92306303309525,4.499168276662454,590,3061 VW,"['Oostzeedijk 342', 'Rotterdam', 'Nederland']",French Restaurant,3061
Kralingen,3061,51.9261967,4.506100000000001,Slag Bij Waterloo,51.92244656405421,4.513014171321373,632,3062 LL,"['waterloostraat', 'Rotterdam', 'Nederland']",Music Venue,3062
Kralingen,3061,51.9261967,4.506100000000001,Hampshire Hotel - Savoy Rotterdam,51.922328594807134,4.491913117391668,1064,3011 PJ,"['Hoogstraat 81', '3011 PJ Rotterdam', 'Nederland']",Hotel,3011
Kralingen,3061,51.9261967,4.506100000000001,studio Sjoerd Jonkman,51.92175,4.513485,708,3062 tl,"['Waterloostraat 133c', '3062 tl Rotterdam', 'Nederland']",Performing Arts Venue,3062
Kralingen,3062,51.9262323,4.5193922,The Student Hotel Rotterdam,51.92131883379124,4.505518534651654,1098,3063BM,"['Oostzeedijk 182', '3063BM Rotterdam', 'Nederland']",Hotel,3063
Kralingen,3062,51.9262323,4.5193922,Slag Bij Waterloo,51.92244656405421,4.513014171321373,607,3062 LL,"['waterloostraat', 'Rotterdam', 'Nederland']",Music Venue,3062
Kralingen,3062,51.9262323,4.5193922,In De Keuken Van Floris,51.917284957675534,4.517710458461624,1002,3063 AM,"['Honingerdijk 259', '3063 AM Rotterdam', 'Nederland']",French Restaurant,3063
Kralingen,3062,51.9262323,4.5193922,studenten paviljoen,51.9168842819921,4.52545562093876,1120,3062 PA,"['Burgemeester Oudlaan', 'Rotterdam', 'Nederland']",Theater,3062
Kralingen,3062,51.9262323,4.5193922,Restaurant GC Kralingen,51.928415,4.533583,1003,3062 CG,"['Kralingseweg 200', 'Rotterdam', 'Nederland']",Bistro,3062
Kralingen,3062,51.9262323,4.5193922,"Excelsior Rotterdam, combinatie van showbands",51.918157139144384,4.520095693160272,900,3062 NX,"['Krabbendijkestraat 520', 'Rotterdam', 'Nederland']",Music Venue,3062
Kralingen,3062,51.9262323,4.5193922,studio Sjoerd Jonkman,51.92175,4.513485,642,3062 tl,"['Waterloostraat 133c', '3062 tl Rotterdam', 'Nederland']",Performing Arts Venue,3062
Kralingen,3062,51.9262323,4.5193922,Restaurant Fred,51.917093068649976,4.518104388132909,1021,3063 AM,"['Honingerdijk263- 265', '3063 AM Rotterdam', 'Nederland']",French Restaurant,3063
Kralingen,3062,51.9262323,4.5193922,bomm,51.928555,4.507408,862,3061 AG,"['Oudedijk 217B', '3061 AG Rotterdam', 'Nederland']",Bistro,3061
Feijenoord/Noordereiland/Kop van Zuid,3071,51.911653,4.5053635000000005,Room Mate Bruno,51.90625846492094,4.4885767616864305,1299,3072 AR,"['Wilhelminakade 52-58', '3072 AR Rotterdam', 'Nederland']",Hotel,3072
Feijenoord/Noordereiland/Kop van Zuid,3071,51.911653,4.5053635000000005,The Student Hotel Rotterdam,51.92131883379124,4.505518534651654,1076,3063BM,"['Oostzeedijk 182', '3063BM Rotterdam', 'Nederland']",Hotel,3063
Feijenoord/Noordereiland/Kop van Zuid,3071,51.911653,4.5053635000000005,Blind Date Sexbioscoop,51.90833051444254,4.507569420867876,399,3071 SM,"['Oranjeboomstraat 267', '3071 SM Rotterdam', 'Nederland']",Movie Theater,3071
Feijenoord/Noordereiland/Kop van Zuid,3071,51.911653,4.5053635000000005,Kamp Horst,51.912443,4.491432,960,3071 NK,"['Noordereiland', 'Rotterdam', 'Nederland']",Performing Arts Venue,3071
Feijenoord/Noordereiland/Kop van Zuid,3071,51.911653,4.5053635000000005,By Ami Urban Bistro,51.905755,4.489431,1276,3072 ME,"['Antoine Platekade 983', '3072 ME Rotterdam', 'Nederland']",Bistro,3072
Feijenoord/Noordereiland/Kop van Zuid,3071,51.911653,4.5053635000000005,In De Keuken Van Floris,51.917284957675534,4.517710458461624,1054,3063 AM,"['Honingerdijk 259', '3063 AM Rotterdam', 'Nederland']",French Restaurant,3063
Feijenoord/Noordereiland/Kop van Zuid,3071,51.911653,4.5053635000000005,WeMakeMedia HQ,51.91217768162097,4.491026401519775,986,3071NM,"['Maaskade 138A-02', '3071NM Rotterdam', 'Nederland']",Movie Theater,3071
Feijenoord/Noordereiland/Kop van Zuid,3071,51.911653,4.5053635000000005,nhow,51.90710686467184,4.488491585172602,1264,3072 AP,"['Wilhelminapier 137', '3072 AP Rotterdam', 'Nederland']",Hotel,3072
Feijenoord/Noordereiland/Kop van Zuid,3071,51.911653,4.5053635000000005,Schaakstukkenmuseum,51.919872,4.490766,1357,3011 TA,"['Overblaak 94', 'Rotterdam', 'Nederland']",Museum,3011
Feijenoord/Noordereiland/Kop van Zuid,3071,51.911653,4.5053635000000005,Vers 010,51.90684722550305,4.490281400820702,1165,3072 MA,"['Prinsendam 180', '3072 MA Rotterdam', 'Nederland']",Bistro,3072
Feijenoord/Noordereiland/Kop van Zuid,3071,51.911653,4.5053635000000005,Villa Zebra,51.911265,4.496958,578,3071 JV,"['Stieltjesstraat', 'Rotterdam', 'Nederland']",Museum,3071
Feijenoord/Noordereiland/Kop van Zuid,3071,51.911653,4.5053635000000005,citizenM,51.91925901197693,4.490480849856352,1327,3011 WZ,"['Gelderseplein 50', '3011 WZ Rotterdam', 'Nederland']",Hotel,3011
Feijenoord/Noordereiland/Kop van Zuid,3071,51.911653,4.5053635000000005,Nieuwe Luxor Theater,51.90673712416364,4.4910478591918945,1125,3072 AG,"['Posthumalaan 1 (Wilhelminakade)', '3072 AG Rotterdam', 'Nederland']",Theater,3072
Feijenoord/Noordereiland/Kop van Zuid,3071,51.911653,4.5053635000000005,Van Vollenhoven 'inspired By Rosso',51.90750390695237,4.495370602366893,827,3016 BE,"['Van Vollenhovenstraat 15', '3016 BE Rotterdam', 'Nederland']",French Restaurant,3016
Feijenoord/Noordereiland/Kop van Zuid,3071,51.911653,4.5053635000000005,Restaurant Fred,51.917093068649976,4.518104388132909,1064,3063 AM,"['Honingerdijk263- 265', '3063 AM Rotterdam', 'Nederland']",French Restaurant,3063
Feijenoord/Noordereiland/Kop van Zuid,3071,51.911653,4.5053635000000005,"Excelsior Rotterdam, combinatie van showbands",51.918157139144384,4.520095693160272,1243,3062 NX,"['Krabbendijkestraat 520', 'Rotterdam', 'Nederland']",Music Venue,3062
Feijenoord/Noordereiland/Kop van Zuid,3071,51.911653,4.5053635000000005,Daydream,51.9077628,4.4919598,1017,3072 AP,"['Zilvermeerlaan', 'Mol', 'België']",Music Venue,3072
Feijenoord/Noordereiland/Kop van Zuid,3071,51.911653,4.5053635000000005,Suite Hotel Pincoffs,51.9108888,4.4970735,575,3071 JX,"['Stieltjesstraat 34', '3071 JX Rotterdam', 'Nederland']",Hotel,3071
Feijenoord/Noordereiland/Kop van Zuid,3071,51.911653,4.5053635000000005,studio Sjoerd Jonkman,51.92175,4.513485,1254,3062 tl,"['Waterloostraat 133c', '3062 tl Rotterdam', 'Nederland']",Performing Arts Venue,3062
Feijenoord/Noordereiland/Kop van Zuid,3071,51.911653,4.5053635000000005,Restaurant de Watertoren,51.91299834110731,4.520230293273926,1031,3063 HA,"['Watertorenweg 180', '3063 HA', 'Nederland']",French Restaurant,3063
Afrikaanderwijk/Katendrecht,3072,51.9018612,4.4842992,Bistrot Du Bac,51.9014761233719,4.4844987996697485,45,3072 ZP,"['Sumatraweg 5b', 'Rotterdam', 'Nederland']",French Restaurant,3072
Afrikaanderwijk/Katendrecht,3072,51.9018612,4.4842992,Dutch Pinball Museum,51.90238407455559,4.483581413922975,76,3072 AN,"['Veerlaan 19-K', '3072 AN Rotterdam', 'Nederland']",Museum,3072
Afrikaanderwijk/Katendrecht,3072,51.9018612,4.4842992,Restaurant De Matroos en het Meisje,51.90114,4.48479,87,3072 ZL,"['Delistraat 52', '3072 ZL Rotterdam', 'Nederland']",French Restaurant,3072
Afrikaanderwijk/Katendrecht,3072,51.9018612,4.4842992,POSSE,51.901775,4.48551,83,3072 AN,"['Veerlaan 13 (Rijnhavenbrug)', '3072 AN Rotterdam', 'Nederland']",Bistro,3072
Afrikaanderwijk/Katendrecht,3072,51.9018612,4.4842992,Kantine Walhalla,51.90185123252282,4.486168149320923,128,3072 AN,"['Veerlaan 9 (Katendrecht/Rijnhavenbrug)', '3072 AN Rotterdam', 'Nederland']",Theater,3072
Afrikaanderwijk/Katendrecht,3072,51.9018612,4.4842992,Verhalenhuis Belvédère,51.901254,4.481867,180,3072 LB,"['Rechthuislaan 1', '3072 LB Rotterdam', 'Nederland']",Performing Arts Venue,3072
Afrikaanderwijk/Katendrecht,3072,51.9018612,4.4842992,Rotterdams Wijktheater op Katendrecht,51.900632,4.483507,147,3072 LS,"['Tolhuisstraat 107', 'Rotterdam', 'Nederland']",Theater,3072
Afrikaanderwijk/Katendrecht,3072,51.9018612,4.4842992,Hotel New York,51.904033146983984,4.484401345252991,241,3072 AD,"['Koninginnenhoofd 1', '3072 AD Rotterdam', 'Nederland']",Hotel,3072
Afrikaanderwijk/Katendrecht,3072,51.9018612,4.4842992,De Player IV,51.900536,4.484039,148,3072 LV,"['Tolhuisstraat 107', 'Rotterdam', 'Nederland']",Music Venue,3072
Afrikaanderwijk/Katendrecht,3072,51.9018612,4.4842992,room 131,51.904096,4.484583,249,3072 AD,"['Kop Van Zuid', 'Rotterdam', 'Nederland']",Hotel,3072
Afrikaanderwijk/Katendrecht,3072,51.9018612,4.4842992,Room Mate Bruno,51.90625846492094,4.4885767616864305,570,3072 AR,"['Wilhelminakade 52-58', '3072 AR Rotterdam', 'Nederland']",Hotel,3072
Afrikaanderwijk/Katendrecht,3072,51.9018612,4.4842992,By Ami Urban Bistro,51.905755,4.489431,558,3072 ME,"['Antoine Platekade 983', '3072 ME Rotterdam', 'Nederland']",Bistro,3072
Afrikaanderwijk/Katendrecht,3072,51.9018612,4.4842992,LantarenVenster,51.90489883396685,4.487035211366009,386,3072 MD,"['Otto Reuchlinweg 996', '3072 MD Rotterdam', 'Nederland']",Movie Theater,3072
Afrikaanderwijk/Katendrecht,3072,51.9018612,4.4842992,Louise Petit Restaurant,51.906903,4.478024,707,3016 CJ,"['Veerhaven 12-13', '3016 CJ Rotterdam', 'Nederland']",French Restaurant,3016
Afrikaanderwijk/Katendrecht,3072,51.9018612,4.4842992,ss Rotterdam,51.8978816723738,4.473525764216176,862,3072 AM,"['3e Katendrechtsehoofd 25', '3072 AM Rotterdam', 'Nederland']",Hotel,3072
Afrikaanderwijk/Katendrecht,3072,51.9018612,4.4842992,ART Hotel Rotterdam,51.89654140655095,4.493663837694557,874,3081 GA,"['Mijnsherenlaan 9', '3081 GA Rotterdam', 'Nederland']",Hotel,3081
Afrikaanderwijk/Katendrecht,3072,51.9018612,4.4842992,Café Restaurant Nul 10,51.90914123181062,4.479904022729739,864,3016 DG,"['Westerstraat 39A', 'Rotterdam', 'Nederland']",French Restaurant,3016
Afrikaanderwijk/Katendrecht,3072,51.9018612,4.4842992,nhow,51.90710686467184,4.488491585172602,651,3072 AP,"['Wilhelminapier 137', '3072 AP Rotterdam', 'Nederland']",Hotel,3072
Afrikaanderwijk/Katendrecht,3072,51.9018612,4.4842992,Vers 010,51.90684722550305,4.490281400820702,690,3072 MA,"['Prinsendam 180', '3072 MA Rotterdam', 'Nederland']",Bistro,3072
Afrikaanderwijk/Katendrecht,3072,51.9018612,4.4842992,Maassilo,51.8980514,4.4949935,848,3081 AE,"['Maashaven Z.z. 1', '3081 AE Rotterdam', 'Nederland']",Music Venue,3081
Afrikaanderwijk/Katendrecht,3072,51.9018612,4.4842992,Aerospace Bosman Loodsen,51.896226,4.487761,670,3081 AE,"['Maashaven Zuidzijde 48', 'Rotterdam', 'Nederland']",Theater,3081
Afrikaanderwijk/Katendrecht,3072,51.9018612,4.4842992,Quartier Du Port,51.909612189154075,4.478547914241179,948,3016 BJ,"['Van Vollenhovenstraat 48-50', '3016 BJ Rotterdam', 'Nederland']",Hotel,3016
Afrikaanderwijk/Katendrecht,3072,51.9018612,4.4842992,Nieuwe Luxor Theater,51.90673712416364,4.4910478591918945,713,3072 AG,"['Posthumalaan 1 (Wilhelminakade)', '3072 AG Rotterdam', 'Nederland']",Theater,3072
Afrikaanderwijk/Katendrecht,3072,51.9018612,4.4842992,Roffa Streetfoodbar,51.91046664798373,4.478026464862741,1050,3016 AE,"['Scheepstimmermanslaan 31b', '3016 AE Rotterdam', 'Nederland']",Bistro,3016
Afrikaanderwijk/Katendrecht,3072,51.9018612,4.4842992,Huson,51.910903789254796,4.478037494768947,1094,3011 BS,"['scheepstimmermanslaan 14 (oostzeedijk)', 'Rotterdam', 'Nederland']",French Restaurant,3011
Afrikaanderwijk/Katendrecht,3072,51.9018612,4.4842992,Belasting & Douane Museum,51.907699,4.476655,835,3016 BB,"['Parklaan 14 16', '3016 BB Rotterdam', 'Nederland']",Museum,3016
Afrikaanderwijk/Katendrecht,3072,51.9018612,4.4842992,Grandcafé Restaurant Biblio,51.90959758420582,4.477000538774713,996,3016 BE,"['Van Vollenhovenstraat 15c (Pakhuis 26 / 27)', '3016 BE Rotterdam', 'Nederland']",French Restaurant,3016
Afrikaanderwijk/Katendrecht,3072,51.9018612,4.4842992,Parkheuvel,51.903798,4.471645,895,3016 GL,"['Heuvellaan 21', '3016 GL Rotterdam', 'Nederland']",French Restaurant,3016
Oud-Charlois,3082,51.887935,4.467455999999999,Historisch Charlois,51.890780936266204,4.471627602935971,427,3082 GL,"['Wolphaertsbocht', 'Rotterdam', 'Nederland']",Museum,3082
Oud-Charlois,3082,51.887935,4.467455999999999,Shofukan,51.89297524747291,4.467533717615432,561,3082 DB,"['Charloise Kerksingel 14', 'Rotterdam', 'Nederland']",Performing Arts Venue,3082
Oud-Charlois,3082,51.887935,4.467455999999999,ZAP Studio's,51.89204788208008,4.4697136878967285,483,3082 GJ,"['Gouwstraat', 'Rotterdam', 'Nederland']",Music Venue,3082
Oud-Charlois,3082,51.887935,4.467455999999999,93.9 Megastad Rotterdam,51.89056439938778,4.464202137953375,368,3082 PA,"['Plompertstraat 16', 'Rotterdam', 'Nederland']",Music Venue,3082
Oud-Charlois,3082,51.887935,4.467455999999999,Feestzaal Timotheus,51.89190752093069,4.469700473338417,468,3082 GJ,"['Boergoensestraat 29', 'Charlois', 'Nederland']",Music Venue,3082
Carnisse/Zuidplein,3083,51.8871996,4.4867975,Theater Zuidplein,51.888216292816296,4.489309288532038,206,3083 CW,"['Zuidplein 60-64', '3083 CW Rotterdam', 'Nederland']",Theater,3083
Carnisse/Zuidplein,3083,51.8871996,4.4867975,Aerospace Bosman Loodsen,51.896226,4.487761,1006,3081 AE,"['Maashaven Zuidzijde 48', 'Rotterdam', 'Nederland']",Theater,3081
Waalhaven,3088,51.8717422,4.4405503,Bastion Hotel Rotterdam Zuid,51.86906289398099,4.452234245154472,856,3084 CA,"['Driemanssteeweg 5 (Groene Kruisweg)', '3084 CA Rotterdam', 'Nederland']",Hotel,3084
